ASGS_Structure,Census_Code_2021,AGSS_Code_2021,Census_Name_2021,Area sqkm
AUS,AUS,AUS,AUSTRALIA,7688094.938
STE,1,1,New South Wales,800797.6591
STE,2,2,Victoria,227496.2479
STE,3,3,Queensland,1730171.221
STE,4,4,South Australia,984231.4202
STE,5,5,Western Australia,2526632.483
STE,6,6,Tasmania,68017.5393
STE,7,7,Northern Territory,1348134.493
STE,8,8,Australian Capital Territory,2358.133
STE,9,9,Other Territories,255.742
SOS,SOS10,10,Major Urban,3145.0177
SOS,SOS11,11,Other Urban,2946.8019
SOS,SOS12,12,Bounded Locality,805.5689
SOS,SOS13,13,Rural Balance,793900.2706
SOS,SOS17,17,Migratory - Offshore - Shipping (NSW),0
SOS,SOS19,19,No usual address (NSW),0
SOS,SOS20,20,Major Urban,3340.7797
SOS,SOS21,21,Other Urban,1720.4295
SOS,SOS22,22,Bounded Locality,521.8569
SOS,SOS23,23,Rural Balance,221913.1818
SOS,SOS27,27,Migratory - Offshore - Shipping (Vic.),0
SOS,SOS29,29,No usual address (Vic.),0
SOS,SOS30,30,Major Urban,3532.8038
SOS,SOS31,31,Other Urban,2478.7038
SOS,SOS32,32,Bounded Locality,1557.5761
SOS,SOS33,33,Rural Balance,1722602.1371
SOS,SOS37,37,Migratory - Offshore - Shipping (Qld),0
SOS,SOS39,39,No usual address (Qld),0
SOS,SOS40,40,Major Urban,854.2792
SOS,SOS41,41,Other Urban,789.8501
SOS,SOS42,42,Bounded Locality,422.4025
SOS,SOS43,43,Rural Balance,982164.8884
SOS,SOS47,47,Migratory - Offshore - Shipping (SA),0
SOS,SOS49,49,No usual address (SA),0
SOS,SOS50,50,Major Urban,1720.3492
SOS,SOS51,51,Other Urban,1122.6474
SOS,SOS52,52,Bounded Locality,786.8451
SOS,SOS53,53,Rural Balance,2523002.6408
SOS,SOS57,57,Migratory - Offshore - Shipping (WA),0
SOS,SOS59,59,No usual address (WA),0
SOS,SOS60,60,Major Urban,237.263
SOS,SOS61,61,Other Urban,348.468
SOS,SOS62,62,Bounded Locality,179.9335
SOS,SOS63,63,Rural Balance,67251.8748
SOS,SOS67,67,Migratory - Offshore - Shipping (Tas.),0
SOS,SOS69,69,No usual address (Tas.),0
SOS,SOS70,70,Major Urban,240.3244
SOS,SOS71,71,Other Urban,218.1478
SOS,SOS72,72,Bounded Locality,1859.7416
SOS,SOS73,73,Rural Balance,1345816.2793
SOS,SOS77,77,Migratory - Offshore - Shipping (NT),0
SOS,SOS79,79,No usual address (NT),0
SOS,SOS80,80,Major Urban,392.9671
SOS,SOS82,82,Bounded Locality,2.6572
SOS,SOS83,83,Rural Balance,1962.5087
SOS,SOS87,87,Migratory - Offshore - Shipping (ACT),0
SOS,SOS89,89,No usual address (ACT),0
SOS,SOS91,91,Other Urban,7.8663
SOS,SOS92,92,Bounded Locality,33.2858
SOS,SOS93,93,Rural Balance,214.5899
SOS,SOS97,97,Migratory - Offshore - Shipping (OT),0
SOS,SOS99,99,No usual address (OT),0
SOSR,SOSR101,101,1 million or more,2194.1731
SOSR,SOSR102,102,"250,000 to 999,999",950.8446
SOSR,SOSR111,111,"50,000 to 99,999",275.7785
SOSR,SOSR112,112,"20,000 to 49,999",855.9826
SOSR,SOSR113,113,"10,000 to 19,999",397.1267
SOSR,SOSR114,114,"5,000 to 9,999",537.8312
SOSR,SOSR115,115,"4,999 or less",880.0829
SOSR,SOSR121,121,500 or more,453.8135
SOSR,SOSR122,122,499 or less,351.7554
SOSR,SOSR131,131,Remainder of State/Territory,793900.2706
SOSR,SOSR179,179,Migratory - Offshore - Shipping (NSW),0
SOSR,SOSR199,199,No usual address (NSW),0
SOSR,SOSR201,201,1 million or more,2880.5725
SOSR,SOSR203,203,"100,000 to 249,999",460.2072
SOSR,SOSR211,211,"50,000 to 99,999",111.2942
SOSR,SOSR212,212,"20,000 to 49,999",319.8562
SOSR,SOSR213,213,"10,000 to 19,999",438.9394
SOSR,SOSR214,214,"5,000 to 9,999",297.5692
SOSR,SOSR215,215,"4,999 or less",552.7705
SOSR,SOSR221,221,500 or more,289.6001
SOSR,SOSR222,222,499 or less,232.2568
SOSR,SOSR231,231,Remainder of State/Territory,221913.1818
SOSR,SOSR279,279,Migratory - Offshore - Shipping (Vic.),0
SOSR,SOSR299,299,No usual address (Vic.),0
SOSR,SOSR301,301,1 million or more,2026.9222
SOSR,SOSR302,302,"250,000 to 999,999",921.4333
SOSR,SOSR303,303,"100,000 to 249,999",584.4483
SOSR,SOSR311,311,"50,000 to 99,999",429.2679
SOSR,SOSR312,312,"20,000 to 49,999",188.2728
SOSR,SOSR313,313,"10,000 to 19,999",442.6829
SOSR,SOSR314,314,"5,000 to 9,999",499.2957
SOSR,SOSR315,315,"4,999 or less",919.1845
SOSR,SOSR321,321,500 or more,1010.3247
SOSR,SOSR322,322,499 or less,547.2514
SOSR,SOSR331,331,Remainder of State/Territory,1722602.1371
SOSR,SOSR379,379,Migratory - Offshore - Shipping (Qld),0
SOSR,SOSR399,399,No usual address (Qld),0
SOSR,SOSR401,401,1 million or more,854.2792
SOSR,SOSR412,412,"20,000 to 49,999",141.1298
SOSR,SOSR413,413,"10,000 to 19,999",216.0498
SOSR,SOSR414,414,"5,000 to 9,999",68.592
SOSR,SOSR415,415,"4,999 or less",364.0785
SOSR,SOSR421,421,500 or more,161.7336
SOSR,SOSR422,422,499 or less,260.6689
SOSR,SOSR431,431,Remainder of State/Territory,982164.8884
SOSR,SOSR479,479,Migratory - Offshore - Shipping (SA),0
SOSR,SOSR499,499,No usual address (SA),0
SOSR,SOSR501,501,1 million or more,1720.3492
SOSR,SOSR511,511,"50,000 to 99,999",117.4
SOSR,SOSR512,512,"20,000 to 49,999",265.51
SOSR,SOSR513,513,"10,000 to 19,999",321.5695
SOSR,SOSR514,514,"5,000 to 9,999",73.87
SOSR,SOSR515,515,"4,999 or less",344.2979
SOSR,SOSR521,521,500 or more,416.6701
SOSR,SOSR522,522,499 or less,370.175
SOSR,SOSR531,531,Remainder of State/Territory,2523002.6408
SOSR,SOSR579,579,Migratory - Offshore - Shipping (WA),0
SOSR,SOSR599,599,No usual address (WA),0
SOSR,SOSR603,603,"100,000 to 249,999",237.263
SOSR,SOSR611,611,"50,000 to 99,999",95.1084
SOSR,SOSR612,612,"20,000 to 49,999",63.4774
SOSR,SOSR613,613,"10,000 to 19,999",17.0585
SOSR,SOSR614,614,"5,000 to 9,999",37.4003
SOSR,SOSR615,615,"4,999 or less",135.4234
SOSR,SOSR621,621,500 or more,99.9987
SOSR,SOSR622,622,499 or less,79.9348
SOSR,SOSR631,631,Remainder of State/Territory,67251.8748
SOSR,SOSR679,679,Migratory - Offshore - Shipping (Tas.),0
SOSR,SOSR699,699,No usual address (Tas.),0
SOSR,SOSR703,703,"100,000 to 249,999",240.3244
SOSR,SOSR712,712,"20,000 to 49,999",85.5555
SOSR,SOSR714,714,"5,000 to 9,999",17.2758
SOSR,SOSR715,715,"4,999 or less",115.3165
SOSR,SOSR721,721,500 or more,297.3215
SOSR,SOSR722,722,499 or less,1562.4201
SOSR,SOSR731,731,Remainder of State/Territory,1345816.2793
SOSR,SOSR779,779,Migratory - Offshore - Shipping (NT),0
SOSR,SOSR799,799,No usual address (NT),0
SOSR,SOSR802,802,"250,000 to 999,999",392.9671
SOSR,SOSR822,822,499 or less,2.6572
SOSR,SOSR831,831,Remainder of State/Territory,1962.5087
SOSR,SOSR879,879,Migratory - Offshore - Shipping (ACT),0
SOSR,SOSR899,899,No usual address (ACT),0
SOSR,SOSR915,915,"4,999 or less",7.8663
SOSR,SOSR921,921,500 or more,20.7209
SOSR,SOSR922,922,499 or less,12.5649
SOSR,SOSR931,931,Remainder of State/Territory,214.5899
SOSR,SOSR979,979,Migratory - Offshore - Shipping (OT),0
SOSR,SOSR999,999,No usual address (OT),0
UCL,UCL101001,101001,Sydney,2194.1731
UCL,UCL102001,102001,Canberra - Queanbeyan (Queanbeyan Part),28.7867
UCL,UCL102002,102002,Central Coast,332.9065
UCL,UCL102003,102003,Gold Coast - Tweed Heads (Tweed Heads Part),67.678
UCL,UCL102004,102004,Newcastle,296.9898
UCL,UCL102005,102005,Wollongong,224.4836
UCL,UCL111001,111001,Albury - Wodonga (Albury Part),74.9112
UCL,UCL111002,111002,Coffs Harbour,77.9672
UCL,UCL111003,111003,Maitland (NSW),122.9001
UCL,UCL112001,112001,Armidale,30.2163
UCL,UCL112002,112002,Bathurst,54.5543
UCL,UCL112003,112003,Blue Mountains,79.1763
UCL,UCL112004,112004,Bowral - Mittagong,55.9023
UCL,UCL112005,112005,Cessnock,21.7753
UCL,UCL112006,112006,Dubbo,85.7616
UCL,UCL112007,112007,Echuca - Moama (Moama Part),28.019
UCL,UCL112008,112008,Forster - Tuncurry,32.6648
UCL,UCL112009,112009,Goulburn,55.5759
UCL,UCL112010,112010,Griffith,47.93
UCL,UCL112011,112011,Kurri Kurri,26.1116
UCL,UCL112012,112012,Lismore (NSW),40.251
UCL,UCL112013,112013,Mildura - Buronga (Buronga Part),5.8912
UCL,UCL112014,112014,Morisset - Cooranbong,43.7484
UCL,UCL112015,112015,Nowra - Bomaderry,37.9355
UCL,UCL112016,112016,Orange,56.8283
UCL,UCL112017,112017,Port Macquarie,43.8921
UCL,UCL112018,112018,Tamworth,38.2173
UCL,UCL112019,112019,Wagga Wagga,71.5314
UCL,UCL113001,113001,Ballina,15.6931
UCL,UCL113002,113002,Batemans Bay,22.3825
UCL,UCL113003,113003,Broken Hill,25.7209
UCL,UCL113004,113004,Byron Bay,21.8576
UCL,UCL113005,113005,Grafton,42.1678
UCL,UCL113006,113006,Kempsey,47.0402
UCL,UCL113007,113007,Kiama,13.0378
UCL,UCL113008,113008,Lithgow,24.1517
UCL,UCL113009,113009,Medowie,14.4774
UCL,UCL113010,113010,Mudgee,23.7291
UCL,UCL113011,113011,Muswellbrook,13.2246
UCL,UCL113012,113012,Nelson Bay,11.4693
UCL,UCL113013,113013,Raymond Terrace,25.5358
UCL,UCL113014,113014,Singleton,17.2382
UCL,UCL113015,113015,St Georges Basin - Sanctuary Point,9.3471
UCL,UCL113016,113016,Taree,37.8066
UCL,UCL113017,113017,Ulladulla,21.665
UCL,UCL113018,113018,Yarrawonga - Mulwala (Mulwala Part),10.582
UCL,UCL114001,114001,Alstonville,4.5383
UCL,UCL114002,114002,Camden Haven,18.8362
UCL,UCL114003,114003,Casino,12.1923
UCL,UCL114004,114004,Cooma,17.7928
UCL,UCL114005,114005,Cootamundra,9.098
UCL,UCL114006,114006,Corowa - Wahgunyah (Corowa Part),24.962
UCL,UCL114007,114007,Cowra,23.8754
UCL,UCL114008,114008,Deniliquin,35.3535
UCL,UCL114009,114009,Estella,8.9939
UCL,UCL114010,114010,Forbes,22.6071
UCL,UCL114011,114011,Glen Innes,10.123
UCL,UCL114012,114012,Googong,6.9164
UCL,UCL114013,114013,Gunnedah,33.352
UCL,UCL114014,114014,Helensburgh,4.4292
UCL,UCL114015,114015,Inverell,19.9113
UCL,UCL114016,114016,Leeton,13.1093
UCL,UCL114017,114017,Lennox Head,6.0278
UCL,UCL114018,114018,Merimbula,22.6365
UCL,UCL114019,114019,Moree,18.8279
UCL,UCL114020,114020,Moss Vale,13.5625
UCL,UCL114021,114021,Murwillumbah,26.3283
UCL,UCL114022,114022,Nambucca Heads,13.6229
UCL,UCL114023,114023,Narrabri,18.1258
UCL,UCL114024,114024,Parkes,17.1642
UCL,UCL114025,114025,Pottsville,8.9595
UCL,UCL114026,114026,Richmond North,5.3625
UCL,UCL114027,114027,Salamander Bay - Soldiers Point,5.5698
UCL,UCL114028,114028,Scone,11.0081
UCL,UCL114029,114029,Silverdale - Warragamba,6.1537
UCL,UCL114030,114030,South West Rocks,12.7605
UCL,UCL114031,114031,Summerland Point - Gwandalan,7.0648
UCL,UCL114032,114032,Tahmoor,4.6536
UCL,UCL114033,114033,Tumut,12.0833
UCL,UCL114034,114034,Wauchope,24.193
UCL,UCL114035,114035,Woolgoolga,9.1019
UCL,UCL114036,114036,Yamba,8.8924
UCL,UCL114037,114037,Yass,8.1577
UCL,UCL114038,114038,Young,11.4838
UCL,UCL115001,115001,Aberdeen,4.6827
UCL,UCL115002,115002,Anna Bay - Boat Harbour,5.965
UCL,UCL115003,115003,Appin,2.7104
UCL,UCL115004,115004,Arrawarra,7.2412
UCL,UCL115005,115005,Balranald,3.5294
UCL,UCL115006,115006,Bangalow,1.8485
UCL,UCL115007,115007,Bargo,4.4939
UCL,UCL115008,115008,Barham - Koondrook (Barham Part),4.224
UCL,UCL115009,115009,Barooga,5.6934
UCL,UCL115010,115010,Barraba,2.6989
UCL,UCL115011,115011,Basin View,3.8768
UCL,UCL115012,115012,Batlow,2.8616
UCL,UCL115013,115013,Bega,6.7675
UCL,UCL115014,115014,Bellingen,3.6139
UCL,UCL115015,115015,Bermagui,9.2223
UCL,UCL115016,115016,Berridale,2.2642
UCL,UCL115017,115017,Berry,3.0097
UCL,UCL115018,115018,Bingara,3.9256
UCL,UCL115019,115019,Blackheath,15.9555
UCL,UCL115020,115020,Blayney,5.3696
UCL,UCL115021,115021,Bombala,5.1846
UCL,UCL115022,115022,Bonny Hills,2.7491
UCL,UCL115023,115023,Boorowa,6.0795
UCL,UCL115024,115024,Bourke,6.5338
UCL,UCL115025,115025,Bowen Mountain,0.9065
UCL,UCL115026,115026,Braidwood,4.8704
UCL,UCL115027,115027,Branxton,3.7413
UCL,UCL115028,115028,Broulee - Mossy Point,5.7405
UCL,UCL115029,115029,Brunswick Heads,4.0461
UCL,UCL115030,115030,Bulahdelah,2.5821
UCL,UCL115031,115031,Bundanoon,9.6503
UCL,UCL115032,115032,Bundeena,1.1786
UCL,UCL115033,115033,Bungendore,5.0679
UCL,UCL115034,115034,Buxton (NSW),1.588
UCL,UCL115035,115035,Calala,3.2268
UCL,UCL115036,115036,Callala Bay,5.072
UCL,UCL115037,115037,Cambewarra Village,0.995
UCL,UCL115038,115038,Canowindra,4.204
UCL,UCL115039,115039,Cobar,9.5893
UCL,UCL115040,115040,Colo Vale,4.3899
UCL,UCL115041,115041,Condobolin,8.5865
UCL,UCL115042,115042,Coolamon,5.4419
UCL,UCL115043,115043,Coonabarabran,11.0219
UCL,UCL115044,115044,Coonamble,10.1731
UCL,UCL115045,115045,Coraki,3.0021
UCL,UCL115046,115046,Corindi Beach,2.3846
UCL,UCL115047,115047,Crookwell,4.9173
UCL,UCL115048,115048,Culburra Beach - Orient Point,7.0568
UCL,UCL115049,115049,Culcairn,2.5325
UCL,UCL115050,115050,Cumbalum,1.7283
UCL,UCL115051,115051,Dalmeny,5.4353
UCL,UCL115052,115052,Denman,3.2542
UCL,UCL115053,115053,Dorrigo,4.2195
UCL,UCL115054,115054,Douglas Park,5.9437
UCL,UCL115055,115055,Dungog,6.4834
UCL,UCL115056,115056,Eden,8.161
UCL,UCL115057,115057,Evans Head,9.4322
UCL,UCL115058,115058,Fingal Bay,1.118
UCL,UCL115059,115059,Finley,5.9822
UCL,UCL115060,115060,Forest Hill (NSW),6.0699
UCL,UCL115061,115061,Frederickton,1.5209
UCL,UCL115062,115062,Freemans Reach,3.7144
UCL,UCL115063,115063,Galston,0.527
UCL,UCL115064,115064,Gerringong,2.6665
UCL,UCL115065,115065,Gilgandra,10.9255
UCL,UCL115066,115066,Glossodia,8.0675
UCL,UCL115067,115067,Gloucester,5.8359
UCL,UCL115068,115068,Greenwell Point,2.667
UCL,UCL115069,115069,Grenfell,10.9719
UCL,UCL115070,115070,Greta,5.1063
UCL,UCL115071,115071,Gulgong,4.042
UCL,UCL115072,115072,Gulmarrad,9.2572
UCL,UCL115073,115073,Gundagai,9.0449
UCL,UCL115074,115074,Guyra,7.7244
UCL,UCL115075,115075,Hallidays Point - Black Head,3.5175
UCL,UCL115076,115076,Harden - Murrumburrah,5.832
UCL,UCL115077,115077,Harrington,3.1929
UCL,UCL115078,115078,Hawks Nest ,13.8335
UCL,UCL115079,115079,Hay,10.731
UCL,UCL115080,115080,Hill Top,2.2634
UCL,UCL115081,115081,Hillston,6.3583
UCL,UCL115082,115082,Holbrook,3.82
UCL,UCL115083,115083,Howlong,4.0465
UCL,UCL115084,115084,Iluka,5.5661
UCL,UCL115085,115085,Jamberoo,1.4114
UCL,UCL115086,115086,Jindabyne,2.0513
UCL,UCL115087,115087,Jindera,3.2855
UCL,UCL115088,115088,Junction Hill,2.3406
UCL,UCL115089,115089,Junee,20.8145
UCL,UCL115090,115090,Kandos,4.4775
UCL,UCL115091,115091,Karuah,3.0402
UCL,UCL115092,115092,Kootingal,2.2163
UCL,UCL115093,115093,Kurrajong,2.229
UCL,UCL115094,115094,Kyogle,5.6379
UCL,UCL115095,115095,Lake Cargelligo,6.0893
UCL,UCL115096,115096,Lake Cathie,9.3406
UCL,UCL115097,115097,Lemon Tree Passage,1.8194
UCL,UCL115098,115098,Lightning Ridge,2.9268
UCL,UCL115099,115099,Macksville,11.3702
UCL,UCL115100,115100,Maclean,3.6455
UCL,UCL115101,115101,Malua Bay,4.4412
UCL,UCL115102,115102,Manilla,3.2074
UCL,UCL115103,115103,Merriwa,3.8132
UCL,UCL115104,115104,Milton,3.1512
UCL,UCL115105,115105,Molong,3.8336
UCL,UCL115106,115106,Moruya,6.301
UCL,UCL115107,115107,Mullumbimby,4.2217
UCL,UCL115108,115108,Murrumbateman,9.0224
UCL,UCL115109,115109,Narooma,8.047
UCL,UCL115110,115110,Narrandera,7.8069
UCL,UCL115111,115111,Narromine,10.4355
UCL,UCL115112,115112,North Rothbury,3.4167
UCL,UCL115113,115113,Nyngan,11.6282
UCL,UCL115114,115114,Oberon,7.1806
UCL,UCL115115,115115,Ocean Shores,10.5118
UCL,UCL115116,115116,Old Bar,5.3435
UCL,UCL115117,115117,Old Erowal Bay,1.1767
UCL,UCL115118,115118,Pambula,7.5931
UCL,UCL115119,115119,Picton,4.4049
UCL,UCL115120,115120,Pitt Town,5.2462
UCL,UCL115121,115121,Portland (NSW),4.7269
UCL,UCL115122,115122,Quirindi,9.78
UCL,UCL115123,115123,Robertson,3.3152
UCL,UCL115124,115124,Sandy Beach - Emerald Beach,7.3584
UCL,UCL115125,115125,Shoalhaven Heads,4.2675
UCL,UCL115126,115126,Skennars Head,0.8228
UCL,UCL115127,115127,Smiths Lake,5.2453
UCL,UCL115128,115128,South Golden Beach,2.5033
UCL,UCL115129,115129,Stanwell Park,3.2243
UCL,UCL115130,115130,Sussex Inlet,10.9311
UCL,UCL115131,115131,Tanilba Bay,3.3053
UCL,UCL115132,115132,Tathra,6.8041
UCL,UCL115133,115133,Tea Gardens,1.9817
UCL,UCL115134,115134,Temora,16.1066
UCL,UCL115135,115135,Tenterfield,7.2653
UCL,UCL115136,115136,The Oaks,1.9297
UCL,UCL115137,115137,Thirlmere,7.31
UCL,UCL115138,115138,Thrumster,5.9061
UCL,UCL115139,115139,Tocumwal,18.5863
UCL,UCL115140,115140,Tomakin,3.8804
UCL,UCL115141,115141,Tumbarumba,6.2643
UCL,UCL115142,115142,Tuross Head,3.726
UCL,UCL115143,115143,Uralla,8.2332
UCL,UCL115144,115144,Urunga,5.3632
UCL,UCL115145,115145,Valla Beach,2.1837
UCL,UCL115146,115146,Vincentia,3.3417
UCL,UCL115147,115147,Vincentia West,0.9218
UCL,UCL115148,115148,Walcha,3.6711
UCL,UCL115149,115149,Walgett,5.7855
UCL,UCL115150,115150,Wallacia,1.6786
UCL,UCL115151,115151,Wallerawang,5.5764
UCL,UCL115152,115152,Warialda,3.5224
UCL,UCL115153,115153,Warren,2.9812
UCL,UCL115154,115154,Wee Waa,4.5377
UCL,UCL115155,115155,Wellington,9.3292
UCL,UCL115156,115156,Wentworth,4.6048
UCL,UCL115157,115157,Werris Creek,5.4511
UCL,UCL115158,115158,West Wyalong,8.2726
UCL,UCL115159,115159,Wilberforce,1.7281
UCL,UCL115160,115160,Wilton,2.9324
UCL,UCL115161,115161,Wingham,7.2557
UCL,UCL115162,115162,Wollongbar,2.9112
UCL,UCL115163,115163,Wyee,5.5092
UCL,UCL115164,115164,Wyee Point,0.95
UCL,UCL115165,115165,Yenda,3.0959
UCL,UCL121001,121001,Adelong (L),2.6267
UCL,UCL121002,121002,Baradine (L),3.189
UCL,UCL121003,121003,Bawley Point (L),2.2931
UCL,UCL121004,121004,Beechwood (L),9.9177
UCL,UCL121005,121005,Belimbla Park (L),3.6613
UCL,UCL121006,121006,Berrara - Cudmirrah (L),1.3536
UCL,UCL121007,121007,Berrigan (L),9.1952
UCL,UCL121008,121008,Boggabilla (L),4.2486
UCL,UCL121009,121009,Boggabri (L),5.8304
UCL,UCL121010,121010,Boomerang Beach - Blueys Beach (L),4.7593
UCL,UCL121011,121011,Bowraville (L),2.2294
UCL,UCL121012,121012,Brandy Hill (L),6.3434
UCL,UCL121013,121013,Brewarrina (L),4.8359
UCL,UCL121014,121014,Broadwater (L),0.9863
UCL,UCL121015,121015,Brooklyn (L),2.158
UCL,UCL121016,121016,Burringbar (L),1.7387
UCL,UCL121017,121017,Catherine Hill Bay (L),0.9832
UCL,UCL121018,121018,Clarence Town (L),2.4892
UCL,UCL121019,121019,Clifton Grove (L),13.5933
UCL,UCL121020,121020,Clunes (L) (NSW),1.003
UCL,UCL121021,121021,Coleambally (L),3.2856
UCL,UCL121022,121022,Coolah (L),2.8295
UCL,UCL121023,121023,Coomba Park (L),3.0272
UCL,UCL121024,121024,Coutts Crossing (L),5.0358
UCL,UCL121025,121025,Cowan (L),0.3968
UCL,UCL121026,121026,Crescent Head (L),1.1606
UCL,UCL121027,121027,Cudgen (L),0.3819
UCL,UCL121028,121028,Cunjurong Point - Manyana (L),2.7216
UCL,UCL121029,121029,Curlewis (L),4.9294
UCL,UCL121030,121030,Darlington Point (L),4.3483
UCL,UCL121031,121031,Diamond Beach (L),4.4692
UCL,UCL121032,121032,Dunedoo (L),4.2189
UCL,UCL121033,121033,Dunoon (L),0.5862
UCL,UCL121034,121034,East Jindabyne (L),8.823
UCL,UCL121035,121035,Ellalong (L),1.9901
UCL,UCL121036,121036,Emerald Beach West (L),7.8804
UCL,UCL121037,121037,Erowal Bay (L),1.4688
UCL,UCL121038,121038,Eugowra (L),4.5142
UCL,UCL121039,121039,Ewingsdale (L),5.3241
UCL,UCL121040,121040,Firgrove (L),5.1331
UCL,UCL121041,121041,Ganmain (L),2.6683
UCL,UCL121042,121042,Gerroa (L),0.9876
UCL,UCL121043,121043,Glenorie (L),0.4235
UCL,UCL121044,121044,Glenreagh (L),2.1822
UCL,UCL121045,121045,Green Point (L),0.9858
UCL,UCL121046,121046,Gundaroo (L),0.8938
UCL,UCL121047,121047,Gunning (L),1.5214
UCL,UCL121048,121048,Hallidays Point - West (L),6.1506
UCL,UCL121049,121049,Hanwood (L),0.6165
UCL,UCL121050,121050,Hastings Point (L),0.9717
UCL,UCL121051,121051,Henty (L),3.0381
UCL,UCL121052,121052,Huskisson (L),1.272
UCL,UCL121053,121053,Jerilderie (L),7.8564
UCL,UCL121054,121054,Jilliby (L),4.5315
UCL,UCL121055,121055,Kalaru (L),6.7876
UCL,UCL121056,121056,Kendall (L),3.6412
UCL,UCL121057,121057,Killingworth (L),0.5835
UCL,UCL121058,121058,King Creek (L),17.4076
UCL,UCL121059,121059,Kings Point (L),2.6264
UCL,UCL121060,121060,Kingswood (L),5.2199
UCL,UCL121061,121061,Kitchener (L),0.611
UCL,UCL121062,121062,Kurrajong Heights (L),1.0991
UCL,UCL121063,121063,Lake Conjola (L),1.1386
UCL,UCL121064,121064,Lake Tabourie (L),2.7191
UCL,UCL121065,121065,Lawrence (L),6.1736
UCL,UCL121066,121066,Lochinvar (L),1.0356
UCL,UCL121067,121067,Lockhart (L),2.1523
UCL,UCL121068,121068,Long Beach - Maloneys Beach (L),10.551
UCL,UCL121069,121069,Louth Park (L),2.3992
UCL,UCL121070,121070,Maianbar (L),0.2931
UCL,UCL121071,121071,Manildra (L),2.583
UCL,UCL121072,121072,Marulan (L),2.7392
UCL,UCL121073,121073,Mathoura (L),2.3909
UCL,UCL121074,121074,Medlow Bath (L),3.1061
UCL,UCL121075,121075,Menangle (L),0.2988
UCL,UCL121076,121076,Millfield (L),1.5339
UCL,UCL121077,121077,Millthorpe (L),0.9
UCL,UCL121078,121078,Minmi (L),2.4419
UCL,UCL121079,121079,Modanville (L),2.3254
UCL,UCL121080,121080,Moonee Beach (L),3.5394
UCL,UCL121081,121081,Moonee Beach West (L),7.4114
UCL,UCL121082,121082,Moruya Heads (L),12.3761
UCL,UCL121083,121083,Mount Victoria (L),2.13
UCL,UCL121084,121084,Mulgoa (L),1.6359
UCL,UCL121085,121085,Murrays Beach (L),1.14
UCL,UCL121086,121086,Murrurundi (L),2.4306
UCL,UCL121087,121087,Nabiac (L),2.0303
UCL,UCL121088,121088,New Berrima (L),3.3855
UCL,UCL121089,121089,Nords Wharf (L),1.1965
UCL,UCL121090,121090,Nowra Hill (L),6.6298
UCL,UCL121091,121091,Nunderi (L),3.8271
UCL,UCL121092,121092,Oakdale (L),5.5769
UCL,UCL121093,121093,Paxton (L),1.5111
UCL,UCL121094,121094,Peak Hill (L),3.6436
UCL,UCL121095,121095,Putta Bucca - Bombira (L),11.3966
UCL,UCL121096,121096,Red Head (L),2.5539
UCL,UCL121097,121097,Repton (L),8.9417
UCL,UCL121098,121098,Richmond Hill (L),6.6272
UCL,UCL121099,121099,Rylstone (L),2.0546
UCL,UCL121100,121100,Safety Beach (L),2.1922
UCL,UCL121101,121101,Salt Ash (L),18.7063
UCL,UCL121102,121102,Scotts Head (L),1.2851
UCL,UCL121103,121103,Smithtown - Gladstone (L),3.0847
UCL,UCL121104,121104,Stroud (L),3.037
UCL,UCL121105,121105,Stuarts Point (L),0.6872
UCL,UCL121106,121106,Tallwoods Village (L),2.4392
UCL,UCL121107,121107,The Rock (L),4.6353
UCL,UCL121108,121108,Tinonee (L),0.9539
UCL,UCL121109,121109,Tintenbar (L),6.2048
UCL,UCL121110,121110,Townsend (L),3.2202
UCL,UCL121111,121111,Trangie (L),1.9766
UCL,UCL121112,121112,Uranquinty (L),1.2288
UCL,UCL121113,121113,Walla Walla (L),1.3297
UCL,UCL121114,121114,Wallabi Point (L),0.3946
UCL,UCL121115,121115,Wallaga Lake (L),4.8895
UCL,UCL121116,121116,Wallalong (L),2.0561
UCL,UCL121117,121117,Wardell (L),1.4906
UCL,UCL121118,121118,Waterfall (L),0.3848
UCL,UCL121119,121119,Waterview Heights (L),6.6559
UCL,UCL121120,121120,Wilcannia (L),2.7965
UCL,UCL121121,121121,Wingello (L),3.2623
UCL,UCL121122,121122,Wongarbon (L),4.8846
UCL,UCL121123,121123,Woodburn (L),1.7525
UCL,UCL121124,121124,Wooli (L),2.1076
UCL,UCL121125,121125,Woombah (L),4.9042
UCL,UCL121126,121126,Wooroowoolgan (L),0.6058
UCL,UCL121127,121127,Yanderra (L),2.7434
UCL,UCL121128,121128,Yerrinbool (L),1.0485
UCL,UCL122001,122001,Abernethy (L),0.2698
UCL,UCL122002,122002,Adaminaby (L),2.0235
UCL,UCL122003,122003,Agnes Banks (L),0.5076
UCL,UCL122004,122004,Angourie (L),3.5357
UCL,UCL122005,122005,Ardlethan (L),1.6874
UCL,UCL122006,122006,Ariah Park (L),1.332
UCL,UCL122007,122007,Ashford (L),3.7364
UCL,UCL122008,122008,Ashley (L),1.0498
UCL,UCL122009,122009,Attunga (L),0.541
UCL,UCL122010,122010,Awaba (L),0.9941
UCL,UCL122011,122011,Balmoral (L),2.332
UCL,UCL122012,122012,Barellan (L),1.1447
UCL,UCL122013,122013,Barmedman (L),1.0656
UCL,UCL122014,122014,Bemboka (L),2.4432
UCL,UCL122015,122015,Berrima (L),0.9108
UCL,UCL122016,122016,Bilbul (L),0.5993
UCL,UCL122017,122017,Binalong (L),2.0991
UCL,UCL122018,122018,Binnaway (L),2.7384
UCL,UCL122019,122019,Bodalla (L),1.0239
UCL,UCL122020,122020,Bonalbo (L),0.6421
UCL,UCL122021,122021,Bonny Hills - West (L),1.058
UCL,UCL122022,122022,Bonville - East (L),7.1801
UCL,UCL122023,122023,Bonville (L),1.5102
UCL,UCL122024,122024,Bowning (L),2.0507
UCL,UCL122025,122025,Bredbo (L),1.7162
UCL,UCL122026,122026,Broke (L),0.6408
UCL,UCL122027,122027,Brooms Head (L),0.5866
UCL,UCL122028,122028,Bundarra (L),9.4067
UCL,UCL122029,122029,Burrawang (L),0.8062
UCL,UCL122030,122030,Candelo (L),0.9172
UCL,UCL122031,122031,Caniaba (L),0.4251
UCL,UCL122032,122032,Captains Flat (L),1.1837
UCL,UCL122033,122033,Cargo (L),1.0747
UCL,UCL122034,122034,Clarenza (L),0.4485
UCL,UCL122035,122035,Cobargo (L),1.6257
UCL,UCL122036,122036,Collarenebri (L),3.7675
UCL,UCL122037,122037,Collector (L),0.6887
UCL,UCL122038,122038,Conjola Park (L),1.0349
UCL,UCL122039,122039,Coopernook (L),0.6029
UCL,UCL122040,122040,Copmanhurst (L),1.8283
UCL,UCL122041,122041,Coramba (L),1.1453
UCL,UCL122042,122042,Couridjah (L),2.8149
UCL,UCL122043,122043,Cudal (L),0.9703
UCL,UCL122044,122044,Cullen Bullen (L),0.782
UCL,UCL122045,122045,Cumnock (L),1.8259
UCL,UCL122046,122046,Currarong (L),0.9635
UCL,UCL122047,122047,Dangar Island (L),0.3163
UCL,UCL122048,122048,Dareton (L),2.447
UCL,UCL122049,122049,Deepwater (L),1.3461
UCL,UCL122050,122050,Delegate (L),1.7304
UCL,UCL122051,122051,Delungra (L),0.8971
UCL,UCL122052,122052,Elizabeth Beach (L),4.8396
UCL,UCL122053,122053,Emmaville (L),5.6166
UCL,UCL122054,122054,Euston (L),1.4593
UCL,UCL122055,122055,Exeter (L) (NSW),1.2483
UCL,UCL122056,122056,Fairy Hill (L),2.7712
UCL,UCL122057,122057,Falls Creek (L) (NSW),2.0256
UCL,UCL122058,122058,Fishermans Paradise (L),0.9928
UCL,UCL122059,122059,Geurie (L),1.6984
UCL,UCL122060,122060,Gilgai (L),4.7106
UCL,UCL122061,122061,Goodooga (L),1.4455
UCL,UCL122062,122062,Goolgowi (L),5.0348
UCL,UCL122063,122063,Gresford (L),1.0257
UCL,UCL122064,122064,Gulargambone (L),5.4223
UCL,UCL122065,122065,Hat Head (L),1.2022
UCL,UCL122066,122066,Hinton (L),1.476
UCL,UCL122067,122067,Hyland Park (L),0.445
UCL,UCL122068,122068,Ivanhoe (L),11.49
UCL,UCL122069,122069,Kangaroo Valley (L),1.1172
UCL,UCL122070,122070,Kenthurst (L),0.5266
UCL,UCL122071,122071,Kew (L),0.387
UCL,UCL122072,122072,Khancoban (L),1.4075
UCL,UCL122073,122073,Kioloa (L),1.8294
UCL,UCL122074,122074,Koorawatha (L),1.7043
UCL,UCL122075,122075,Kurmond (L),0.3515
UCL,UCL122076,122076,Ladysmith (L),0.4147
UCL,UCL122077,122077,Lansdowne (L),0.8411
UCL,UCL122078,122078,Lennox Head - West (L),0.355
UCL,UCL122079,122079,Linden (L),0.8796
UCL,UCL122080,122080,Luddenham (L),0.4867
UCL,UCL122081,122081,Lyndhurst (L),2.7155
UCL,UCL122082,122082,Manning Point (L),0.8691
UCL,UCL122083,122083,Marrangaroo (L),3.0766
UCL,UCL122084,122084,Menangle Park (L),2.4124
UCL,UCL122085,122085,Mendooran (L),1.2712
UCL,UCL122086,122086,Menindee (L),7.6491
UCL,UCL122087,122087,Minnie Water (L),0.1674
UCL,UCL122088,122088,Mogo (L),1.7194
UCL,UCL122089,122089,Moonbi (L),2.5566
UCL,UCL122090,122090,Mooney Mooney (L),1.8146
UCL,UCL122091,122091,Moulamein (L),2.9977
UCL,UCL122092,122092,Mulbring (L),0.8966
UCL,UCL122093,122093,Mungindi (L),2.2911
UCL,UCL122094,122094,Mylestom (L),1.558
UCL,UCL122095,122095,Nana Glen (L),0.6944
UCL,UCL122096,122096,Nelligen (L),1.6658
UCL,UCL122097,122097,Nemingha (L),0.6187
UCL,UCL122098,122098,Nimbin (L),1.8788
UCL,UCL122099,122099,Nimmitabel (L),0.9694
UCL,UCL122100,122100,North Arm Cove (L),1.3045
UCL,UCL122101,122101,North Shore (L),2.8277
UCL,UCL122102,122102,Nundle (L),2.5155
UCL,UCL122103,122103,Oaklands (L),5.7485
UCL,UCL122104,122104,Orchard Hills (L),1.3259
UCL,UCL122105,122105,Otford (L),0.486
UCL,UCL122106,122106,Pallamallawa (L),0.8849
UCL,UCL122107,122107,Paterson (L),1.2791
UCL,UCL122108,122108,Patonga (L),0.324
UCL,UCL122109,122109,Perisher Village (L),6.0898
UCL,UCL122110,122110,Perthville (L),1.7555
UCL,UCL122111,122111,Picton - West (L),1.2508
UCL,UCL122112,122112,Pindimar (L),3.2772
UCL,UCL122113,122113,Rainbow Flat (L),2.2109
UCL,UCL122114,122114,Red Rock (L),1.2513
UCL,UCL122115,122115,Riverside (L),4.7458
UCL,UCL122116,122116,Rosedale - Guerilla Bay (L),6.4624
UCL,UCL122117,122117,Seaham (L),1.0536
UCL,UCL122118,122118,Seahampton (L),6.5545
UCL,UCL122119,122119,South Durras (L),5.1668
UCL,UCL122120,122120,South Pambula (L),5.1662
UCL,UCL122121,122121,Spring Hill (L),0.3552
UCL,UCL122122,122122,Stanwell Tops (L),1.2749
UCL,UCL122123,122123,Stockinbingal (L),1.4168
UCL,UCL122124,122124,Sutton (L),1.5699
UCL,UCL122125,122125,Talbingo (L),1.0361
UCL,UCL122126,122126,Tapitallee (L),0.8375
UCL,UCL122127,122127,Taralga (L),1.564
UCL,UCL122128,122128,Tarcutta (L),1.4253
UCL,UCL122129,122129,Tarraganda (L),5.996
UCL,UCL122130,122130,Telegraph Point (L),2.0602
UCL,UCL122131,122131,Thredbo Village (L),1.0856
UCL,UCL122132,122132,Tingha (L),2.404
UCL,UCL122133,122133,Tomago (L),34.9273
UCL,UCL122134,122134,Tomerong (L),0.7738
UCL,UCL122135,122135,Tooleybuc (L),1.1803
UCL,UCL122136,122136,Toomelah (L),2.0077
UCL,UCL122137,122137,Tottenham (L),1.3832
UCL,UCL122138,122138,Trundle (L),2.7058
UCL,UCL122139,122139,Tucabia (L),1.1315
UCL,UCL122140,122140,Tullamore (L),1.1672
UCL,UCL122141,122141,Tumbulgum (L),0.3383
UCL,UCL122142,122142,Tyalgum (L),0.5478
UCL,UCL122143,122143,Uki (L),0.4962
UCL,UCL122144,122144,Ulmarra (L),1.2971
UCL,UCL122145,122145,Ungarie (L),1.5248
UCL,UCL122146,122146,Urana (L),4.4258
UCL,UCL122147,122147,Urbenville (L),0.7666
UCL,UCL122148,122148,Wallabadah (L),6.4712
UCL,UCL122149,122149,Whitton (L),1.1817
UCL,UCL122150,122150,Wolumla (L),0.6066
UCL,UCL122151,122151,Woodenbong (L),0.8278
UCL,UCL122152,122152,Woodstock (L),1.281
UCL,UCL122153,122153,Woollamia (L),7.3256
UCL,UCL122154,122154,Wooloweyah (L),0.3335
UCL,UCL122155,122155,Wyalong (L),7.5454
UCL,UCL122156,122156,Yanco (L),1.2486
UCL,UCL122157,122157,Yarramundi (L),1.0936
UCL,UCL122158,122158,Yeoval (L),0.9658
UCL,UCL131001,131001,Remainder of State/Territory (NSW),793900.2706
UCL,UCL179997,179997,Migratory - Offshore - Shipping (NSW),0
UCL,UCL199994,199994,No usual address (NSW),0
UCL,UCL201001,201001,Melbourne,2880.5725
UCL,UCL203001,203001,Ballarat,132.2364
UCL,UCL203002,203002,Bendigo,162.3864
UCL,UCL203003,203003,Geelong,165.5844
UCL,UCL211001,211001,Albury - Wodonga (Wodonga Part),54.1941
UCL,UCL211002,211002,Melton,57.1001
UCL,UCL212001,212001,Bacchus Marsh,18.6125
UCL,UCL212002,212002,Echuca - Moama (Echuca Part),25.8493
UCL,UCL212003,212003,Mildura - Buronga (Mildura Part),41.3432
UCL,UCL212004,212004,Ocean Grove - Barwon Heads,20.4881
UCL,UCL212005,212005,Shepparton - Mooroopna,62.3414
UCL,UCL212006,212006,Sunbury,30.7094
UCL,UCL212007,212007,Torquay - Jan Juc,38.9895
UCL,UCL212008,212008,Traralgon,29.0976
UCL,UCL212009,212009,Warrnambool,52.4252
UCL,UCL213001,213001,Bairnsdale,25.9948
UCL,UCL213002,213002,Castlemaine,34.6881
UCL,UCL213003,213003,Colac,22.8529
UCL,UCL213004,213004,Drouin,21.9894
UCL,UCL213005,213005,Drysdale - Clifton Springs,18.8792
UCL,UCL213006,213006,Gisborne,20.8226
UCL,UCL213007,213007,Horsham,40.8043
UCL,UCL213008,213008,Lara,11.5223
UCL,UCL213009,213009,Leopold,5.5953
UCL,UCL213010,213010,Moe - Newborough,23.9071
UCL,UCL213011,213011,Morwell,14.2571
UCL,UCL213012,213012,Portland (Vic.),31.5141
UCL,UCL213013,213013,Sale,34.297
UCL,UCL213014,213014,Swan Hill,21.0529
UCL,UCL213015,213015,Wallan,22.6644
UCL,UCL213016,213016,Wangaratta,40.489
UCL,UCL213017,213017,Warragul,22.3108
UCL,UCL213018,213018,Yarrawonga - Mulwala (Yarrawonga Part),25.2981
UCL,UCL214001,214001,Ararat,13.6174
UCL,UCL214002,214002,Bannockburn,12.3144
UCL,UCL214003,214003,Benalla,25.531
UCL,UCL214004,214004,Cobram,9.0955
UCL,UCL214005,214005,Corowa - Wahgunyah (Wahgunyah Part),2.022
UCL,UCL214006,214006,Cowes,10.6988
UCL,UCL214007,214007,Diggers Rest,4.9025
UCL,UCL214008,214008,Hamilton,43.2603
UCL,UCL214009,214009,Healesville,18.9432
UCL,UCL214010,214010,Inverloch,6.4328
UCL,UCL214011,214011,Kilmore,16.4368
UCL,UCL214012,214012,Kyabram,9.1683
UCL,UCL214013,214013,Kyneton,7.2598
UCL,UCL214014,214014,Lakes Entrance,18.7888
UCL,UCL214015,214015,Leongatha,7.2414
UCL,UCL214016,214016,Maryborough (Vic.),10.0361
UCL,UCL214017,214017,Point Lonsdale - Queenscliff,11.2707
UCL,UCL214018,214018,Portarlington - St Leonards,17.1439
UCL,UCL214019,214019,Seymour,12.5439
UCL,UCL214020,214020,Stawell,18.9984
UCL,UCL214021,214021,Whittlesea,7.5377
UCL,UCL214022,214022,Wonthaggi,14.3255
UCL,UCL215001,215001,Aireys Inlet - Fairhaven,5.2172
UCL,UCL215002,215002,Alexandra,6.0511
UCL,UCL215003,215003,Anglesea,6.8919
UCL,UCL215004,215004,Apollo Bay,2.8591
UCL,UCL215005,215005,Avoca,5.3094
UCL,UCL215006,215006,Ballan,3.7
UCL,UCL215007,215007,Balnarring - Balnarring Beach,5.9013
UCL,UCL215008,215008,Baranduda,2.874
UCL,UCL215009,215009,Barham - Koondrook (Koondrook Part),2.695
UCL,UCL215010,215010,Beaconsfield Upper,10.0943
UCL,UCL215011,215011,Beaufort,4.0558
UCL,UCL215012,215012,Beechworth,7.9581
UCL,UCL215013,215013,Beveridge,6.5311
UCL,UCL215014,215014,Blind Bight,0.5433
UCL,UCL215015,215015,Bright,9.4725
UCL,UCL215016,215016,Broadford,9.0853
UCL,UCL215017,215017,Bunyip,4.5481
UCL,UCL215018,215018,Camperdown,4.693
UCL,UCL215019,215019,Cape Woolamai,1.9491
UCL,UCL215020,215020,Casterton,4.5158
UCL,UCL215021,215021,Chiltern,7.3339
UCL,UCL215022,215022,Churchill,6.1851
UCL,UCL215023,215023,Cobden,4.2598
UCL,UCL215024,215024,Cohuna,3.0671
UCL,UCL215025,215025,Corinella,1.8212
UCL,UCL215026,215026,Coronet Bay,4.0998
UCL,UCL215027,215027,Corryong,2.9552
UCL,UCL215028,215028,Creswick,14.8996
UCL,UCL215029,215029,Daylesford - Hepburn Springs,17.5977
UCL,UCL215030,215030,Dimboola,3.0833
UCL,UCL215031,215031,Donald,6.7831
UCL,UCL215032,215032,Euroa,6.9254
UCL,UCL215033,215033,Eynesbury,2.6036
UCL,UCL215034,215034,Foster,3.3291
UCL,UCL215035,215035,Garfield,1.8897
UCL,UCL215036,215036,Gembrook,2.2345
UCL,UCL215037,215037,Grantville - Pioneer Bay,3.2649
UCL,UCL215038,215038,Heathcote,6.4141
UCL,UCL215039,215039,Heyfield,3.6202
UCL,UCL215040,215040,Heywood,6.3732
UCL,UCL215041,215041,Kerang,9.2085
UCL,UCL215042,215042,Kinglake,6.2574
UCL,UCL215043,215043,Koo Wee Rup,2.5848
UCL,UCL215044,215044,Koroit,2.2702
UCL,UCL215045,215045,Korumburra,5.1856
UCL,UCL215046,215046,Lancefield,2.9386
UCL,UCL215047,215047,Lang Lang,2.6699
UCL,UCL215048,215048,Longwarry,1.889
UCL,UCL215049,215049,Lorne,4.6639
UCL,UCL215050,215050,Macedon,21.4148
UCL,UCL215051,215051,Maffra,5.5525
UCL,UCL215052,215052,Maldon,7.4621
UCL,UCL215053,215053,Mansfield,12.5884
UCL,UCL215054,215054,Merbein,4.7459
UCL,UCL215055,215055,Metung,7.9072
UCL,UCL215056,215056,Millgrove,2.419
UCL,UCL215057,215057,Mirboo North,5.964
UCL,UCL215058,215058,Mortlake,5.3528
UCL,UCL215059,215059,Mount Beauty - Tawonga,13.4519
UCL,UCL215060,215060,Myrtleford,11.3315
UCL,UCL215061,215061,Nagambie,3.3151
UCL,UCL215062,215062,Nathalia,2.6634
UCL,UCL215063,215063,Neerim South,2.5524
UCL,UCL215064,215064,Nhill,3.336
UCL,UCL215065,215065,Numurkah,6.1448
UCL,UCL215066,215066,Orbost,3.6551
UCL,UCL215067,215067,Ouyen,5.7216
UCL,UCL215068,215068,Paynesville,4.3329
UCL,UCL215069,215069,Port Fairy,9.2602
UCL,UCL215070,215070,Red Cliffs,3.4442
UCL,UCL215071,215071,Riddells Creek,11.1592
UCL,UCL215072,215072,Robinvale,5.8208
UCL,UCL215073,215073,Rochester,6.2259
UCL,UCL215074,215074,Romsey,6.567
UCL,UCL215075,215075,Rosedale,2.7081
UCL,UCL215076,215076,Rutherglen,5.4774
UCL,UCL215077,215077,San Remo,3.5848
UCL,UCL215078,215078,Seville,1.6319
UCL,UCL215079,215079,St Arnaud,5.3899
UCL,UCL215080,215080,Stratford,4.1673
UCL,UCL215081,215081,Tatura,8.2273
UCL,UCL215082,215082,Teesdale,13.1125
UCL,UCL215083,215083,Terang,9.6766
UCL,UCL215084,215084,Tongala,1.9103
UCL,UCL215085,215085,Tooradin,1.2502
UCL,UCL215086,215086,Trafalgar,3.0819
UCL,UCL215087,215087,Wandong - Heathcote Junction,5.3473
UCL,UCL215088,215088,Warburton (Vic.),9.7959
UCL,UCL215089,215089,Warracknabeal,6.9806
UCL,UCL215090,215090,Winchelsea,6.3783
UCL,UCL215091,215091,Wonga Park,2.2525
UCL,UCL215092,215092,Woodend,6.0499
UCL,UCL215093,215093,Woori Yallock - Launching Place,8.65
UCL,UCL215094,215094,Wurruk,3.0293
UCL,UCL215095,215095,Yallourn North,1.292
UCL,UCL215096,215096,Yarra Glen,2.7291
UCL,UCL215097,215097,Yarra Junction - Wesburn,9.0119
UCL,UCL215098,215098,Yarragon,1.2684
UCL,UCL215099,215099,Yarram,2.5519
UCL,UCL215100,215100,Yea,3.4727
UCL,UCL221001,221001,Allansford (L),1.1406
UCL,UCL221002,221002,Avenel (L),4.7904
UCL,UCL221003,221003,Barnawartha (L),1.9449
UCL,UCL221004,221004,Batesford (L),10.9641
UCL,UCL221005,221005,Birchip (L),3.7375
UCL,UCL221006,221006,Birregurra (L),1.3874
UCL,UCL221007,221007,Boolarra (L),1.3022
UCL,UCL221008,221008,Boort (L),2.358
UCL,UCL221009,221009,Briagolong (L),1.1186
UCL,UCL221010,221010,Bruthen (L),6.5978
UCL,UCL221011,221011,Bushfield - Woodford (L),3.4104
UCL,UCL221012,221012,Cabarita (L),4.6987
UCL,UCL221013,221013,Cannons Creek (L),1.2631
UCL,UCL221014,221014,Cape Paterson (L),1.4157
UCL,UCL221015,221015,Cape Schanck (L),4.5612
UCL,UCL221016,221016,Cardigan Village (L),1.7293
UCL,UCL221017,221017,Carisbrook (L),4.2154
UCL,UCL221018,221018,Charlton (L),6.1952
UCL,UCL221019,221019,Clunes (L) (Vic.),3.9939
UCL,UCL221020,221020,Coleraine (L),5.074
UCL,UCL221021,221021,Dalyston (L),0.7871
UCL,UCL221022,221022,Dunkeld (L),6.419
UCL,UCL221023,221023,Dunolly (L),4.7289
UCL,UCL221024,221024,Eagle Point (L),6.8654
UCL,UCL221025,221025,Edenhope (L),5.9777
UCL,UCL221026,221026,Eildon (L),4.0015
UCL,UCL221027,221027,Elmore (L),2.0102
UCL,UCL221028,221028,Flinders (L),3.006
UCL,UCL221029,221029,Glengarry (L),1.0943
UCL,UCL221030,221030,Golden Beach - Paradise Beach (L),9.8671
UCL,UCL221031,221031,Gordon (L),1.3015
UCL,UCL221032,221032,Harcourt (L),2.2796
UCL,UCL221033,221033,Hopetoun (L) (Vic.),3.2452
UCL,UCL221034,221034,Hopetoun Park (L),7.4241
UCL,UCL221035,221035,Inglewood (L) (Vic.),3.5256
UCL,UCL221036,221036,Inverleigh (L),4.1039
UCL,UCL221037,221037,Kaniva (L),2.9539
UCL,UCL221038,221038,Kinglake West (L),6.1292
UCL,UCL221039,221039,Lake Boga (L),11.1946
UCL,UCL221040,221040,Lake Tyers Beach (L),1.1196
UCL,UCL221041,221041,Lethbridge (L),2.8499
UCL,UCL221042,221042,Lindenow (L),1.3932
UCL,UCL221043,221043,Loch Sport (L),6.2093
UCL,UCL221044,221044,Mallacoota (L),6.4063
UCL,UCL221045,221045,Malmsbury (L),3.0342
UCL,UCL221046,221046,Marong (L),2.6635
UCL,UCL221047,221047,Maryknoll (L),3.366
UCL,UCL221048,221048,Meeniyan (L),1.8264
UCL,UCL221049,221049,Moriac (L),1.4157
UCL,UCL221050,221050,Murchison (L),2.8335
UCL,UCL221051,221051,Murtoa (L),3.1153
UCL,UCL221052,221052,Nar Nar Goon (L),0.8426
UCL,UCL221053,221053,Newlands Arm (L),1.685
UCL,UCL221054,221054,Newstead (L),3.3163
UCL,UCL221055,221055,Nichols Point (L),1.7888
UCL,UCL221056,221056,Nyah West (L),1.0712
UCL,UCL221057,221057,Nyora (L),2.4499
UCL,UCL221058,221058,Oxley (L),1.5126
UCL,UCL221059,221059,Porepunkah (L),1.8889
UCL,UCL221060,221060,Raymond Island (L),7.5986
UCL,UCL221061,221061,Rhyll (L),0.9184
UCL,UCL221062,221062,Rushworth (L),4.5501
UCL,UCL221063,221063,Sea Lake (L),2.321
UCL,UCL221064,221064,Seville East (L),0.7478
UCL,UCL221065,221065,Shoreham (L),2.8636
UCL,UCL221066,221066,Smythesdale (L),5.9201
UCL,UCL221067,221067,Strathmerton (L),1.3106
UCL,UCL221068,221068,Sunset Strip (L),1.1012
UCL,UCL221069,221069,Surf Beach - Sunderland Bay (L),1.5868
UCL,UCL221070,221070,Tallangatta (L),1.6035
UCL,UCL221071,221071,Timboon (L),2.9754
UCL,UCL221072,221072,Toongabbie (L),1.5312
UCL,UCL221073,221073,Traralgon South (L),4.8251
UCL,UCL221074,221074,Trentham (L),2.3458
UCL,UCL221075,221075,Ventnor (L),2.873
UCL,UCL221076,221076,Venus Bay (L),17.3263
UCL,UCL221077,221077,Violet Town (L),2.4536
UCL,UCL221078,221078,Warneet (L),0.6319
UCL,UCL221079,221079,Wedderburn (L),4.0193
UCL,UCL221080,221080,Werribee South (L),0.5022
UCL,UCL221081,221081,Wycheproof (L),2.6669
UCL,UCL221082,221082,Wyndham Harbour (L),0.3096
UCL,UCL221083,221083,Yackandandah (L),5.7804
UCL,UCL221084,221084,Yinnar (L),1.2363
UCL,UCL222001,222001,Arcadia Downs (L),2.4145
UCL,UCL222002,222002,Arthurs Seat (L),8.8149
UCL,UCL222003,222003,Axedale (L),1.5193
UCL,UCL222004,222004,Baw Baw Village (L),4.3028
UCL,UCL222005,222005,Beeac (L),0.6004
UCL,UCL222006,222006,Bellbridge (L),0.573
UCL,UCL222007,222007,Bethanga (L),0.9925
UCL,UCL222008,222008,Blackwood (L),5.9593
UCL,UCL222009,222009,Bridgewater (L),2.4622
UCL,UCL222010,222010,Bulla (L),0.6731
UCL,UCL222011,222011,Buln Buln (L),0.6877
UCL,UCL222012,222012,Bundalong (L),3.1506
UCL,UCL222013,222013,Buxton (L) (Vic.),1.2929
UCL,UCL222014,222014,Dales Creek (L),2.0794
UCL,UCL222015,222015,Darnum (L),1.2917
UCL,UCL222016,222016,Dartmoor (L),3.3961
UCL,UCL222017,222017,Derrinallum (L),2.4769
UCL,UCL222018,222018,Dinner Plain (L),0.6106
UCL,UCL222019,222019,Don Valley (L),2.343
UCL,UCL222020,222020,Dookie (L),1.0937
UCL,UCL222021,222021,East Warburton (L),1.295
UCL,UCL222022,222022,Eldorado (L),3.4507
UCL,UCL222023,222023,Enfield (L),2.4184
UCL,UCL222024,222024,Falls Creek (L) (Vic.),2.7315
UCL,UCL222025,222025,Fish Creek (L),0.839
UCL,UCL222026,222026,Glenrowan - North (L),0.9584
UCL,UCL222027,222027,Glenrowan (L),0.8852
UCL,UCL222028,222028,Goornong (L),1.1411
UCL,UCL222029,222029,Goroke (L),0.9433
UCL,UCL222030,222030,Guildford (L),1.5171
UCL,UCL222031,222031,Gunbower (L),1.2551
UCL,UCL222032,222032,Halls Gap (L),4.5145
UCL,UCL222033,222033,Harrietville (L),1.9683
UCL,UCL222034,222034,Hazeldene (L),2.2256
UCL,UCL222035,222035,Jeparit (L),2.2326
UCL,UCL222036,222036,Katamatite (L),0.6518
UCL,UCL222037,222037,Katandra West (L),0.4919
UCL,UCL222038,222038,Kialla West (L),0.5466
UCL,UCL222039,222039,Kiewa (L),1.1682
UCL,UCL222040,222040,Kilcunda (L),2.1239
UCL,UCL222041,222041,Learmonth (L),1.4602
UCL,UCL222042,222042,Leitchville (L),0.8533
UCL,UCL222043,222043,Linton (L),2.3763
UCL,UCL222044,222044,Lismore (L) (Vic.),5.5342
UCL,UCL222045,222045,Little River (L),0.5754
UCL,UCL222046,222046,Lockington (L),0.7727
UCL,UCL222047,222047,Macarthur (L),1.4799
UCL,UCL222048,222048,Manangatang (L),2.134
UCL,UCL222049,222049,Marengo (L),2.5949
UCL,UCL222050,222050,Marlo (L),2.4622
UCL,UCL222051,222051,Marysville (L),2.0867
UCL,UCL222052,222052,Meredith (L),1.9796
UCL,UCL222053,222053,Merrigum (L),1.334
UCL,UCL222054,222054,Milawa (L),1.1327
UCL,UCL222055,222055,Minyip (L),1.676
UCL,UCL222056,222056,Mount Buller (L),22.5762
UCL,UCL222057,222057,Mount Egerton (L),1.8086
UCL,UCL222058,222058,Mount Hotham (L),29.1484
UCL,UCL222059,222059,Moyhu (L),0.3907
UCL,UCL222060,222060,Murrayville (L),6.775
UCL,UCL222061,222061,Myrniong (L),0.9096
UCL,UCL222062,222062,Natimuk (L),1.1541
UCL,UCL222063,222063,Newhaven (L),0.8227
UCL,UCL222064,222064,Nilma (L),0.7998
UCL,UCL222065,222065,Noorat (L),1.2411
UCL,UCL222066,222066,Nyah (L),0.6947
UCL,UCL222067,222067,Omeo (L),1.7822
UCL,UCL222068,222068,Panton Hill (L),0.449
UCL,UCL222069,222069,Penshurst (L),3.7792
UCL,UCL222070,222070,Peterborough (L),1.805
UCL,UCL222071,222071,Poowong (L),1.1292
UCL,UCL222072,222072,Port Albert (L),0.7142
UCL,UCL222073,222073,Port Campbell (L),1.8626
UCL,UCL222074,222074,Powelltown (L),1.2573
UCL,UCL222075,222075,Pyalong (L),4.0787
UCL,UCL222076,222076,Pyramid Hill (L),0.9405
UCL,UCL222077,222077,Rainbow (L),2.0772
UCL,UCL222078,222078,Rawson (L),1.019
UCL,UCL222079,222079,Red Hill South (L),0.6656
UCL,UCL222080,222080,Rupanyup (L),1.3937
UCL,UCL222081,222081,Sandy Point (L),1.0848
UCL,UCL222082,222082,Sawmill Settlement (L),3.6016
UCL,UCL222083,222083,Shepparton East (L),0.5596
UCL,UCL222084,222084,Skipton (L),3.632
UCL,UCL222085,222085,Smiths Beach (L),0.7397
UCL,UCL222086,222086,St Andrews (L),2.8669
UCL,UCL222087,222087,Stanhope (L),1.531
UCL,UCL222088,222088,Talbot (L),3.0483
UCL,UCL222089,222089,Tallarook (L),1.4134
UCL,UCL222090,222090,Tallygaroopna (L),0.3563
UCL,UCL222091,222091,Tangambalanga (L),0.7521
UCL,UCL222092,222092,Toolamba (L),0.7163
UCL,UCL222093,222093,Toora (L),1.096
UCL,UCL222094,222094,Tungamah (L),1.1217
UCL,UCL222095,222095,Tyers (L),1.4904
UCL,UCL222096,222096,Tylden (L),1.8839
UCL,UCL222097,222097,Tynong (L),0.646
UCL,UCL222098,222098,Wandiligong (L),3.1383
UCL,UCL222099,222099,Waterford Park (L),0.1896
UCL,UCL222100,222100,Willaura (L),1.8922
UCL,UCL222101,222101,Willow Grove (L),0.6413
UCL,UCL222102,222102,Wimbledon Heights (L),0.3363
UCL,UCL222103,222103,Wonga Park - South (L),0.2719
UCL,UCL222104,222104,Woorinen South (L),0.6628
UCL,UCL222105,222105,Wunghnu (L),0.7652
UCL,UCL231001,231001,Remainder of State/Territory (Vic.),221913.1818
UCL,UCL279997,279997,Migratory - Offshore - Shipping (Vic.),0
UCL,UCL299994,299994,No usual address (Vic.),0
UCL,UCL301001,301001,Brisbane,2026.9222
UCL,UCL302001,302001,Gold Coast - Tweed Heads (Gold Coast Part),552.7077
UCL,UCL302002,302002,Sunshine Coast,368.7256
UCL,UCL303001,303001,Cairns,198.5773
UCL,UCL303002,303002,Toowoomba,119.9124
UCL,UCL303003,303003,Townsville,265.9586
UCL,UCL311001,311001,Bundaberg,104.3933
UCL,UCL311002,311002,Hervey Bay,93.2156
UCL,UCL311003,311003,Mackay,135.9538
UCL,UCL311004,311004,Rockhampton,95.7052
UCL,UCL312001,312001,Bongaree - Woorim,27.1701
UCL,UCL312002,312002,Gladstone (Qld),101.8846
UCL,UCL312003,312003,Maryborough (Qld),35.5334
UCL,UCL312004,312004,Nambour,23.6847
UCL,UCL313001,313001,Airlie Beach - Cannonvale,20.2416
UCL,UCL313002,313002,Bargara - Innes Park,21.1099
UCL,UCL313003,313003,Dalby,138.8704
UCL,UCL313004,313004,Emerald,38.982
UCL,UCL313005,313005,Gracemere,22.4585
UCL,UCL313006,313006,Gympie,36.7498
UCL,UCL313007,313007,Highfields,16.5492
UCL,UCL313008,313008,Kingaroy,29.6626
UCL,UCL313009,313009,Mount Isa,33.6911
UCL,UCL313010,313010,Warwick,37.1952
UCL,UCL313011,313011,Yarrabilba,4.3652
UCL,UCL313012,313012,Yeppoon,42.8074
UCL,UCL314001,314001,Atherton,12.3289
UCL,UCL314002,314002,Ayr,21.1957
UCL,UCL314003,314003,Beaudesert,15.5678
UCL,UCL314004,314004,Beerwah,8.558
UCL,UCL314005,314005,Biloela,14.7854
UCL,UCL314006,314006,Bowen,45.133
UCL,UCL314007,314007,Charters Towers,41.8593
UCL,UCL314008,314008,Chinchilla,11.2345
UCL,UCL314009,314009,Flagstone,19.6039
UCL,UCL314010,314010,Gatton,8.6286
UCL,UCL314011,314011,Goondiwindi,20.0587
UCL,UCL314012,314012,Gordonvale,14.4744
UCL,UCL314013,314013,Innisfail,10.2838
UCL,UCL314014,314014,Jimboomba,28.4475
UCL,UCL314015,314015,Kensington Grove - Regency Downs,24.309
UCL,UCL314016,314016,Mareeba,13.9245
UCL,UCL314017,314017,Moranbah,12.5367
UCL,UCL314018,314018,Mount Cotton,5.5502
UCL,UCL314019,314019,Palmwoods,7.3091
UCL,UCL314020,314020,Roma,37.3413
UCL,UCL314021,314021,Sandstone Point - Ningi,36.5017
UCL,UCL314022,314022,Tamborine Mountain,35.9685
UCL,UCL314023,314023,Tannum Sands - Boyne Island,53.6952
UCL,UCL315001,315001,Agnes Water,3.8415
UCL,UCL315002,315002,Alice River,9.2556
UCL,UCL315003,315003,Allingham,5.0054
UCL,UCL315004,315004,Aurukun,30.5428
UCL,UCL315005,315005,Babinda,2.8729
UCL,UCL315006,315006,Bamaga,10.0534
UCL,UCL315007,315007,Beachmere,5.3492
UCL,UCL315008,315008,Blackwater,12.5772
UCL,UCL315009,315009,Boonah,8.561
UCL,UCL315010,315010,Burnett Heads,16.0813
UCL,UCL315011,315011,Burrum Heads,1.4498
UCL,UCL315012,315012,Calliope,7.0516
UCL,UCL315013,315013,Cambooya,2.4844
UCL,UCL315014,315014,Cardwell,4.8561
UCL,UCL315015,315015,Cedar Grove,11.1228
UCL,UCL315016,315016,Cedar Vale,8.6124
UCL,UCL315017,315017,Charleville,13.0447
UCL,UCL315018,315018,Cherbourg,31.6002
UCL,UCL315019,315019,Childers,2.1239
UCL,UCL315020,315020,Clermont,4.9157
UCL,UCL315021,315021,Clifton,4.1026
UCL,UCL315022,315022,Cloncurry,14.784
UCL,UCL315023,315023,Collinsville,2.789
UCL,UCL315024,315024,Cooktown,10.369
UCL,UCL315025,315025,Cooloola Village,4.6327
UCL,UCL315026,315026,Cooroy,6.4944
UCL,UCL315027,315027,Crows Nest,5.1008
UCL,UCL315028,315028,D'Aguilar,5.856
UCL,UCL315029,315029,Dayboro,9.5326
UCL,UCL315030,315030,Doomadgee,4.9976
UCL,UCL315031,315031,Dysart,6.3961
UCL,UCL315032,315032,Emu Park,15.0742
UCL,UCL315033,315033,Esk,6.3733
UCL,UCL315034,315034,Eumundi,3.4029
UCL,UCL315035,315035,Fernvale,5.5231
UCL,UCL315036,315036,Gayndah,7.9564
UCL,UCL315037,315037,Glass House Mountains,11.1233
UCL,UCL315038,315038,Gowrie Junction,9.5292
UCL,UCL315039,315039,Gununa,6.2071
UCL,UCL315040,315040,Hamilton Island,7.0754
UCL,UCL315041,315041,Hay Point,24.6035
UCL,UCL315042,315042,Home Hill,4.1109
UCL,UCL315043,315043,Howard,2.0946
UCL,UCL315044,315044,Ingham,19.6205
UCL,UCL315045,315045,Jacobs Well,6.3857
UCL,UCL315046,315046,Kilcoy,5.2775
UCL,UCL315047,315047,Kingsthorpe,4.2811
UCL,UCL315048,315048,Kooralbyn,15.3152
UCL,UCL315049,315049,Kuranda,17.6433
UCL,UCL315050,315050,Laidley,8.8884
UCL,UCL315051,315051,Landsborough,13.2881
UCL,UCL315052,315052,Logan Village,14.843
UCL,UCL315053,315053,Longreach,14.1687
UCL,UCL315054,315054,Lowood,15.1671
UCL,UCL315055,315055,Macleay Island,7.23
UCL,UCL315056,315056,Malanda,9.957
UCL,UCL315057,315057,Maleny,5.739
UCL,UCL315058,315058,Marian,2.9496
UCL,UCL315059,315059,Meridan Plains,0.6298
UCL,UCL315060,315060,Meringandan West,6.7945
UCL,UCL315061,315061,Middlemount,12.1722
UCL,UCL315062,315062,Miles,4.9665
UCL,UCL315063,315063,Millmerran,4.6728
UCL,UCL315064,315064,Mirani,1.5703
UCL,UCL315065,315065,Monto,4.5134
UCL,UCL315066,315066,Mooloolah,8.0817
UCL,UCL315067,315067,Moore Park,5.1677
UCL,UCL315068,315068,Mossman,4.7856
UCL,UCL315069,315069,Mount Morgan,13.2156
UCL,UCL315070,315070,Moura,3.9732
UCL,UCL315071,315071,Mulambin,2.0431
UCL,UCL315072,315072,Mundubbera,4.4286
UCL,UCL315073,315073,Murgon,4.9338
UCL,UCL315074,315074,Nanango,26.5958
UCL,UCL315075,315075,Nelly Bay,2.2945
UCL,UCL315076,315076,Oakey,9.8105
UCL,UCL315077,315077,Palm Island,56.2938
UCL,UCL315078,315078,Pittsworth,5.0041
UCL,UCL315079,315079,Pomona,6.8215
UCL,UCL315080,315080,Port Douglas - Craiglie,8.5047
UCL,UCL315081,315081,Proserpine,3.4466
UCL,UCL315082,315082,Rainbow Beach,2.5244
UCL,UCL315083,315083,Rangewood,2.8146
UCL,UCL315084,315084,River Heads,6.7713
UCL,UCL315085,315085,Rosewood,5.9052
UCL,UCL315086,315086,Russell Island,17.5111
UCL,UCL315087,315087,Samford Valley - Highvale,11.0008
UCL,UCL315088,315088,Sarina,4.9158
UCL,UCL315089,315089,St George,15.7102
UCL,UCL315090,315090,Stanthorpe,15.3881
UCL,UCL315091,315091,Thursday Island,3.7184
UCL,UCL315092,315092,Tin Can Bay,4.2583
UCL,UCL315093,315093,Toogoolawah,3.4779
UCL,UCL315094,315094,Toogoom,3.0163
UCL,UCL315095,315095,Tully,7.0421
UCL,UCL315096,315096,Walkerston,3.5735
UCL,UCL315097,315097,Walloon,5.8605
UCL,UCL315098,315098,Weipa,15.8036
UCL,UCL315099,315099,Westbrook,2.3822
UCL,UCL315100,315100,Willowbank,4.3187
UCL,UCL315101,315101,Withcott,9.4493
UCL,UCL315102,315102,Wondai,7.1583
UCL,UCL315103,315103,Wongaling Beach,7.5743
UCL,UCL315104,315104,Woodford,12.4744
UCL,UCL315105,315105,Woodgate,2.468
UCL,UCL315106,315106,Wyreema,1.3711
UCL,UCL315107,315107,Yandina,6.871
UCL,UCL315108,315108,Yarrabah,0.684
UCL,UCL315109,315109,Yungaburra,4.136
UCL,UCL321001,321001,Aldershot (L),1.0678
UCL,UCL321002,321002,Allora (L),1.4619
UCL,UCL321003,321003,Apple Tree Creek (L),5.772
UCL,UCL321004,321004,Aratula (L),6.8236
UCL,UCL321005,321005,Armstrong Beach (L),1.1298
UCL,UCL321006,321006,Badu Island (L),102.5447
UCL,UCL321007,321007,Bakers Creek (L),20.9456
UCL,UCL321008,321008,Balgal Beach (L),13.6394
UCL,UCL321009,321009,Barcaldine (L),7.4188
UCL,UCL321010,321010,Belvedere (L),0.4548
UCL,UCL321011,321011,Benaraby (L),3.9572
UCL,UCL321012,321012,Biggenden (L),2.452
UCL,UCL321013,321013,Black Mountain (L),7.464
UCL,UCL321014,321014,Black River (L),1.2417
UCL,UCL321015,321015,Blackall (L),7.6679
UCL,UCL321016,321016,Blackbutt (L),1.6997
UCL,UCL321017,321017,Blue Mountain Heights (L),3.8463
UCL,UCL321018,321018,Bluewater (L),3.2862
UCL,UCL321019,321019,Bluewater Park (L),3.6012
UCL,UCL321020,321020,Booral (L),8.566
UCL,UCL321021,321021,Bouldercombe (L),7.6294
UCL,UCL321022,321022,Boyland (L),6.3805
UCL,UCL321023,321023,Brandon (L),0.9562
UCL,UCL321024,321024,Brightview (L),2.535
UCL,UCL321025,321025,Burrum Heads - East (L),1.1268
UCL,UCL321026,321026,Campwin Beach (L),0.5933
UCL,UCL321027,321027,Canungra (L),1.6803
UCL,UCL321028,321028,Capella (L),9.3994
UCL,UCL321029,321029,Coochiemudlo Island (L),1.6445
UCL,UCL321030,321030,Coominya (L),5.4317
UCL,UCL321031,321031,Cooran (L),7.7909
UCL,UCL321032,321032,Cooroibah (L),21.8135
UCL,UCL321033,321033,Cooya Beach (L),1.035
UCL,UCL321034,321034,Cunnamulla (L),6.5783
UCL,UCL321035,321035,Curra (L),20.1007
UCL,UCL321036,321036,Delaneys Creek (L),4.3585
UCL,UCL321037,321037,Dunwich (L),2.2232
UCL,UCL321038,321038,Elliott Heads (L),1.3962
UCL,UCL321039,321039,Flaxton (L),11.6397
UCL,UCL321040,321040,Forest Acres (L),7.3424
UCL,UCL321041,321041,Gin Gin (L),4.0324
UCL,UCL321042,321042,Glenore Grove (L),3.7738
UCL,UCL321043,321043,Glenview (L),2.9591
UCL,UCL321044,321044,Glenwood (L),18.356
UCL,UCL321045,321045,Goldsborough (L),13.3366
UCL,UCL321046,321046,Gooburrum (L),1.3177
UCL,UCL321047,321047,Goombungee (L),2.0759
UCL,UCL321048,321048,Goomeri (L),1.7752
UCL,UCL321049,321049,Greenmount (L),1.0723
UCL,UCL321050,321050,Helidon (L),1.1785
UCL,UCL321051,321051,Herberton (L),3.7852
UCL,UCL321052,321052,Hope Vale (L),20.9571
UCL,UCL321053,321053,Horn Island (L),53.1849
UCL,UCL321054,321054,Horseshoe Bay (L),4.9279
UCL,UCL321055,321055,Hughenden (L),10.753
UCL,UCL321056,321056,Inglewood (L) (Qld),4.507
UCL,UCL321057,321057,Jandowae (L),2.8213
UCL,UCL321058,321058,Kalbar (L),2.8117
UCL,UCL321059,321059,Kiels Mountain (L),6.5329
UCL,UCL321060,321060,Killarney (L),2.3256
UCL,UCL321061,321061,Kinka Beach (L),7.4056
UCL,UCL321062,321062,Kowanyama (L),7.933
UCL,UCL321063,321063,Kureelpa (L),19.0219
UCL,UCL321064,321064,Kurrimine Beach (L),0.8363
UCL,UCL321065,321065,Laidley Heights (L),11.1686
UCL,UCL321066,321066,Lamb Island (L),1.385
UCL,UCL321067,321067,Lockhart River (L),6.9249
UCL,UCL321068,321068,Lower Beechmont (L),3.7136
UCL,UCL321069,321069,Mapleton (L),1.268
UCL,UCL321070,321070,Marburg (L),3.7076
UCL,UCL321071,321071,Mareeba - South (L),5.2463
UCL,UCL321072,321072,Minden Village (L),4.8069
UCL,UCL321073,321073,Mission Beach (L),3.2597
UCL,UCL321074,321074,Mitchell (L),6.0628
UCL,UCL321075,321075,Mundoolun (L),3.843
UCL,UCL321076,321076,Napranum (L),2.0387
UCL,UCL321077,321077,Nebo (L),2.3347
UCL,UCL321078,321078,Nome (L),1.7729
UCL,UCL321079,321079,Normanton (L),12.1609
UCL,UCL321080,321080,Oakhurst (L),25.6987
UCL,UCL321081,321081,Peachester (L),1.8012
UCL,UCL321082,321082,Pie Creek (L),4.1293
UCL,UCL321083,321083,Plainland (L),17.6668
UCL,UCL321084,321084,Point Lookout (L),2.232
UCL,UCL321085,321085,Poona (L),1.7326
UCL,UCL321086,321086,Pormpuraaw (L),24.8767
UCL,UCL321087,321087,Prince Henry Heights (L),0.5607
UCL,UCL321088,321088,Ravenshoe (L),3.5227
UCL,UCL321089,321089,Rubyvale (L),8.7928
UCL,UCL321090,321090,Samford Village (L),1.5284
UCL,UCL321091,321091,Sapphire (L),9.598
UCL,UCL321092,321092,Seaforth (L),6.3352
UCL,UCL321093,321093,Sharon (L),4.5254
UCL,UCL321094,321094,Sloping Hummock (L),0.5652
UCL,UCL321095,321095,South Mission Beach (L),2.0381
UCL,UCL321096,321096,Springsure (L),5.1903
UCL,UCL321097,321097,Sunshine Acres (L),12.3651
UCL,UCL321098,321098,Tamborine (L),4.8434
UCL,UCL321099,321099,Tara (L),4.8528
UCL,UCL321100,321100,Taroom (L),4.4097
UCL,UCL321101,321101,Texas (L),4.5045
UCL,UCL321102,321102,Thagoona (L),2.2695
UCL,UCL321103,321103,The Palms (L),11.9653
UCL,UCL321104,321104,Tieri (L),1.8959
UCL,UCL321105,321105,Tolga - West (L),5.8012
UCL,UCL321106,321106,Tolga (L),2.6683
UCL,UCL321107,321107,Toorbul (L),3.0581
UCL,UCL321108,321108,Wangan (L),0.5132
UCL,UCL321109,321109,Winton (L),4.1332
UCL,UCL321110,321110,Witta (L),5.5192
UCL,UCL321111,321111,Wonga Beach (L),1.7613
UCL,UCL321112,321112,Woorabinda (L),219.5151
UCL,UCL321113,321113,Yabulu (L),2.4375
UCL,UCL321114,321114,Yarraman (L),2.9467
UCL,UCL322001,322001,Alligator Creek (L),2.7225
UCL,UCL322002,322002,Alpha (L),2.2915
UCL,UCL322003,322003,Alva Beach (L),0.7859
UCL,UCL322004,322004,Amity Point (L),1.2244
UCL,UCL322005,322005,Aramac (L),1.2466
UCL,UCL322006,322006,Arcadia Bay (L),0.7371
UCL,UCL322007,322007,Augathella (L),4.2422
UCL,UCL322008,322008,Bangalee (L),0.1394
UCL,UCL322009,322009,Baralaba (L),1.3759
UCL,UCL322010,322010,Bauple Forest (L),2.6769
UCL,UCL322011,322011,Beechmont (L),1.9826
UCL,UCL322012,322012,Beerburrum - North (L),4.0117
UCL,UCL322013,322013,Beerburrum (L),0.6241
UCL,UCL322014,322014,Bell (L),1.27
UCL,UCL322015,322015,Bingil Bay (L),0.9171
UCL,UCL322016,322016,Bluff (L),0.5078
UCL,UCL322017,322017,Boigu Island (L),71.4085
UCL,UCL322018,322018,Boonooroo - Tuan (L),4.5021
UCL,UCL322019,322019,Boreen Point (L),0.4025
UCL,UCL322020,322020,Boulia (L),0.6867
UCL,UCL322021,322021,Bramston Beach (L),0.4792
UCL,UCL322022,322022,Burketown (L),4.3127
UCL,UCL322023,322023,Burrum Heads - South (L),2.4517
UCL,UCL322024,322024,Cabbage Tree Point (L),0.552
UCL,UCL322025,322025,Camooweal (L),2.6885
UCL,UCL322026,322026,Cecil Plains (L),1.742
UCL,UCL322027,322027,Chillagoe (L),1.3323
UCL,UCL322028,322028,Coconuts (L),0.2262
UCL,UCL322029,322029,Coen (L),2.1451
UCL,UCL322030,322030,Cordalba (L),0.8217
UCL,UCL322031,322031,Cungulla (L),0.814
UCL,UCL322032,322032,Daintree (L),6.2727
UCL,UCL322033,322033,Dauan Island (L),3.623
UCL,UCL322034,322034,Dimbulah (L),2.2123
UCL,UCL322035,322035,Dirranbandi (L),8.9925
UCL,UCL322036,322036,Donnybrook (L) (Qld),0.5964
UCL,UCL322037,322037,Duaringa (L),3.8657
UCL,UCL322038,322038,Eidsvold (L),2.8711
UCL,UCL322039,322039,El Arish (L),0.7447
UCL,UCL322040,322040,Erakala (L),0.9419
UCL,UCL322041,322041,Erub (Darnley) Island (L),5.6417
UCL,UCL322042,322042,Eton (L),6.595
UCL,UCL322043,322043,Farleigh (L),4.3559
UCL,UCL322044,322044,Finch Hatton (L),0.6477
UCL,UCL322045,322045,Flying Fish Point (L),1.183
UCL,UCL322046,322046,Forest Hill (L) (Qld),0.5789
UCL,UCL322047,322047,Fraser Island (L),0.6742
UCL,UCL322048,322048,Georgetown (L),1.4159
UCL,UCL322049,322049,Giru (L),1.6129
UCL,UCL322050,322050,Glenden (L),4.6522
UCL,UCL322051,322051,Gowrie Mountain (L),2.0083
UCL,UCL322052,322052,Grantham (L),0.9128
UCL,UCL322053,322053,Grasstree Beach (L),0.4298
UCL,UCL322054,322054,Haliday Bay - Ball Bay (L),3.2893
UCL,UCL322055,322055,Halifax (L),0.7891
UCL,UCL322056,322056,Hammond Island (L),15.6029
UCL,UCL322057,322057,Harrisville (L),1.5626
UCL,UCL322058,322058,Hideaway Bay - Dingo Beach (L),3.369
UCL,UCL322059,322059,Iama (Yam) Island (L),1.8608
UCL,UCL322060,322060,Imbil (L),1.0407
UCL,UCL322061,322061,Injinoo (L),2.5096
UCL,UCL322062,322062,Injune (L),1.1044
UCL,UCL322063,322063,Julia Creek (L),6.9899
UCL,UCL322064,322064,Kalamia Estate (L),0.4216
UCL,UCL322065,322065,Kandanga (L),0.3536
UCL,UCL322066,322066,Karragarra Island (L),1.0084
UCL,UCL322067,322067,Karumba (L),16.3242
UCL,UCL322068,322068,Kenilworth (L),1.4339
UCL,UCL322069,322069,Keppel Sands (L),0.6652
UCL,UCL322070,322070,Kilkivan (L),3.3741
UCL,UCL322071,322071,Laura (L) (Qld),11.2052
UCL,UCL322072,322072,Lockrose (L),0.8023
UCL,UCL322073,322073,Lucinda (L),2.4951
UCL,UCL322074,322074,Maaroom (L),0.4341
UCL,UCL322075,322075,Mabuiag Island (L),6.2719
UCL,UCL322076,322076,Mapoon (L),15.2735
UCL,UCL322077,322077,Mer (Murray) Island (L),4.8647
UCL,UCL322078,322078,Merinda (L),0.5708
UCL,UCL322079,322079,Meringandan (L),1.7431
UCL,UCL322080,322080,Midge Point (L),2.1672
UCL,UCL322081,322081,Millaa Millaa (L),1.1138
UCL,UCL322082,322082,Miriam Vale (L),3.5784
UCL,UCL322083,322083,Mirriwinni (L),0.2535
UCL,UCL322084,322084,Mount Garnet (L),2.7675
UCL,UCL322085,322085,Mount Julian (L),7.9584
UCL,UCL322086,322086,Mount Larcom (L),3.0162
UCL,UCL322087,322087,Mount Nebo (L),2.6266
UCL,UCL322088,322088,Mount Perry (L),1.9231
UCL,UCL322089,322089,Mourilyan (L),0.7111
UCL,UCL322090,322090,Murphys Creek (L),1.8582
UCL,UCL322091,322091,Nahrunda (L),6.523
UCL,UCL322092,322092,New Mapoon (L),2.3718
UCL,UCL322093,322093,Newell (L),0.5057
UCL,UCL322094,322094,Oak Beach (L),2.8814
UCL,UCL322095,322095,Oakwood (L),11.3425
UCL,UCL322096,322096,Peak Crossing (L),1.7081
UCL,UCL322097,322097,Picnic Bay (L),1.0381
UCL,UCL322098,322098,Placid Hills (L),0.7201
UCL,UCL322099,322099,Proston (L),1.3537
UCL,UCL322100,322100,Quilpie (L),9.9419
UCL,UCL322101,322101,Richmond (L) (Qld),5.4824
UCL,UCL322102,322102,Saibai Island (L),104.1132
UCL,UCL322103,322103,Sarina Beach (L),1.3719
UCL,UCL322104,322104,Saunders Beach (L),0.3171
UCL,UCL322105,322105,Scottville (L),0.6486
UCL,UCL322106,322106,Seisia (L),1.955
UCL,UCL322107,322107,Seventeen Seventy (L),6.5665
UCL,UCL322108,322108,Silkwood (L),0.9421
UCL,UCL322109,322109,South Bingera (L),0.986
UCL,UCL322110,322110,South Johnstone (L),1.3273
UCL,UCL322111,322111,Southbrook (L),2.0151
UCL,UCL322112,322112,Springbrook (L),0.5552
UCL,UCL322113,322113,St Pauls (L),17.9532
UCL,UCL322114,322114,Surat (L),2.2935
UCL,UCL322115,322115,Tambo (L),1.6674
UCL,UCL322116,322116,Tarzali (L),1.8048
UCL,UCL322117,322117,Taylors Beach (L),0.455
UCL,UCL322118,322118,Thangool (L),1.2232
UCL,UCL322119,322119,Thargomindah (L),3.1526
UCL,UCL322120,322120,Theodore (L),2.2127
UCL,UCL322121,322121,Tiaro (L),1.0077
UCL,UCL322122,322122,Tinaroo (L),6.0026
UCL,UCL322123,322123,Toolakea (L),0.7483
UCL,UCL322124,322124,Toomulla (L),2.926
UCL,UCL322125,322125,Torbanlea (L),0.9622
UCL,UCL322126,322126,Trebonne (L),0.2097
UCL,UCL322127,322127,Tully Heads (L),5.0207
UCL,UCL322128,322128,Umagico (L),2.2021
UCL,UCL322129,322129,Walkamin (L),0.287
UCL,UCL322130,322130,Wallangarra (L),1.7804
UCL,UCL322131,322131,Wallumbilla (L),1.2953
UCL,UCL322132,322132,Wandoan (L),3.5061
UCL,UCL322133,322133,Warraber Island (L),1.0079
UCL,UCL322134,322134,Willows Gemfields (L),0.4133
UCL,UCL322135,322135,Wujal Wujal (L),1.1619
UCL,UCL322136,322136,Wurdong Heights (L),1.8765
UCL,UCL322137,322137,Yangan (L),3.8643
UCL,UCL322138,322138,Yelarbon (L),0.4931
UCL,UCL322139,322139,Yorke Island (L),1.5737
UCL,UCL331001,331001,Remainder of State/Territory (Qld),1722602.1371
UCL,UCL379997,379997,Migratory - Offshore - Shipping (Qld),0
UCL,UCL399994,399994,No usual address (Qld),0
UCL,UCL401001,401001,Adelaide,854.2792
UCL,UCL412001,412001,Gawler (SA),47.0853
UCL,UCL412002,412002,Mount Barker (SA),29.0637
UCL,UCL412003,412003,Mount Gambier,32.8804
UCL,UCL412004,412004,Whyalla,32.1004
UCL,UCL413001,413001,Crafers - Bridgewater,49.0674
UCL,UCL413002,413002,Murray Bridge,38.5251
UCL,UCL413003,413003,Port Augusta,31.7726
UCL,UCL413004,413004,Port Lincoln,40.3378
UCL,UCL413005,413005,Port Pirie,33.3497
UCL,UCL413006,413006,Victor Harbor,22.9972
UCL,UCL414001,414001,Goolwa,28.9155
UCL,UCL414002,414002,Nairne,4.639
UCL,UCL414003,414003,Naracoorte,16.3835
UCL,UCL414004,414004,Nuriootpa,8.1761
UCL,UCL414005,414005,Strathalbyn,10.4779
UCL,UCL415001,415001,Angaston,12.8792
UCL,UCL415002,415002,Angle Vale,14.0604
UCL,UCL415003,415003,Balaklava,5.034
UCL,UCL415004,415004,Balhannah,4.3713
UCL,UCL415005,415005,Barmera,3.319
UCL,UCL415006,415006,Berri,12.0822
UCL,UCL415007,415007,Bordertown,8.4154
UCL,UCL415008,415008,Ceduna,13.4188
UCL,UCL415009,415009,Clare,12.6574
UCL,UCL415010,415010,Coober Pedy,30.5019
UCL,UCL415011,415011,Crystal Brook,4.5072
UCL,UCL415012,415012,Freeling,2.6202
UCL,UCL415013,415013,Hahndorf,2.8033
UCL,UCL415014,415014,Jamestown,5.1626
UCL,UCL415015,415015,Kadina,11.5036
UCL,UCL415016,415016,Kapunda,4.9775
UCL,UCL415017,415017,Kingscote,6.089
UCL,UCL415018,415018,Kingston SE,9.2056
UCL,UCL415019,415019,Lewiston,14.005
UCL,UCL415020,415020,Lobethal,3.798
UCL,UCL415021,415021,Loxton,12.2171
UCL,UCL415022,415022,Lyndoch,2.1431
UCL,UCL415023,415023,Maitland (SA),3.2475
UCL,UCL415024,415024,Mannum,8.7182
UCL,UCL415025,415025,McLaren Flat,0.7598
UCL,UCL415026,415026,McLaren Vale,2.8936
UCL,UCL415027,415027,Meadows,1.7043
UCL,UCL415028,415028,Middleton,2.0175
UCL,UCL415029,415029,Millicent,19.8579
UCL,UCL415030,415030,Moonta,19.5779
UCL,UCL415031,415031,Mount Compass,2.2215
UCL,UCL415032,415032,Normanville,7.077
UCL,UCL415033,415033,Paringa,2.0659
UCL,UCL415034,415034,Penola,3.5434
UCL,UCL415035,415035,Peterborough,5.6711
UCL,UCL415036,415036,Port Broughton,2.5689
UCL,UCL415037,415037,Renmark,9.9875
UCL,UCL415038,415038,Robe,9.1357
UCL,UCL415039,415039,Roxby Downs,3.8294
UCL,UCL415040,415040,Tailem Bend,5.8325
UCL,UCL415041,415041,Tanunda,8.9965
UCL,UCL415042,415042,Tumby Bay,2.19
UCL,UCL415043,415043,Two Wells,19.8649
UCL,UCL415044,415044,Virginia,3.3512
UCL,UCL415045,415045,Waikerie,2.5052
UCL,UCL415046,415046,Wallaroo,12.5291
UCL,UCL415047,415047,Williamstown,3.7899
UCL,UCL415048,415048,Willunga,2.7175
UCL,UCL415049,415049,Woodside,1.6528
UCL,UCL421001,421001,Ardrossan (L),2.5378
UCL,UCL421002,421002,Beachport (L),3.0889
UCL,UCL421003,421003,Birdwood (L),1.4224
UCL,UCL421004,421004,Burra (L),3.8046
UCL,UCL421005,421005,Cleve (L),5.8035
UCL,UCL421006,421006,Cockatoo Valley (L),3.6939
UCL,UCL421007,421007,Coffin Bay (L),4.1888
UCL,UCL421008,421008,Cowell (L),5.3187
UCL,UCL421009,421009,Cummins (L),2.2621
UCL,UCL421010,421010,Echunga (L),1.1525
UCL,UCL421011,421011,Eudunda (L),2.9227
UCL,UCL421012,421012,Gladstone (L) (SA),2.8826
UCL,UCL421013,421013,Greenock (L),1.3173
UCL,UCL421014,421014,Gumeracha (L),1.0422
UCL,UCL421015,421015,Hamley Bridge (L),0.8426
UCL,UCL421016,421016,Houghton (L),3.0722
UCL,UCL421017,421017,Kanmantoo (L),0.8093
UCL,UCL421018,421018,Keith (L),7.2836
UCL,UCL421019,421019,Kimba (L),18.232
UCL,UCL421020,421020,Lameroo (L),2.7742
UCL,UCL421021,421021,Laura (L) (SA),1.452
UCL,UCL421022,421022,Macclesfield (L),2.2961
UCL,UCL421023,421023,Mallala (L),1.4964
UCL,UCL421024,421024,Meningie (L),5.7809
UCL,UCL421025,421025,Milang (L),2.44
UCL,UCL421026,421026,Minlaton (L),3.08
UCL,UCL421027,421027,Mount Pleasant (L),0.8233
UCL,UCL421028,421028,One Tree Hill (L),0.7024
UCL,UCL421029,421029,Orroroo (L),2.4622
UCL,UCL421030,421030,Pinnaroo (L),4.101
UCL,UCL421031,421031,Port MacDonnell (L),3.5985
UCL,UCL421032,421032,Port Wakefield (L),2.1202
UCL,UCL421033,421033,Pukatja (Ernabella) (L),8.4778
UCL,UCL421034,421034,Quorn (L),20.9209
UCL,UCL421035,421035,Riverton (L),1.6317
UCL,UCL421036,421036,Roseworthy (L),2.8365
UCL,UCL421037,421037,Streaky Bay (L),2.9556
UCL,UCL421038,421038,Uraidla - Summertown (L),3.9221
UCL,UCL421039,421039,Wasleys (L),1.4108
UCL,UCL421040,421040,Willyaroo (L),6.7063
UCL,UCL421041,421041,Wudinna (L),3.1886
UCL,UCL421042,421042,Yankalilla (L),3.3627
UCL,UCL421043,421043,Yorketown (L),1.5157
UCL,UCL422001,422001,Allendale East (L),0.5885
UCL,UCL422002,422002,Amata (L),11.248
UCL,UCL422003,422003,American River (L),1.8228
UCL,UCL422004,422004,Andamooka (L),2.4029
UCL,UCL422005,422005,Arno Bay (L),1.7185
UCL,UCL422006,422006,Auburn (L),0.8694
UCL,UCL422007,422007,Blanchetown (L),2.4701
UCL,UCL422008,422008,Blyth (L),1.0471
UCL,UCL422009,422009,Booleroo Centre (L),1.5374
UCL,UCL422010,422010,Boston (L),2.5013
UCL,UCL422011,422011,Bute (L),0.8114
UCL,UCL422012,422012,Callington (L),1.9267
UCL,UCL422013,422013,Charleston (L),0.4306
UCL,UCL422014,422014,Clarendon (L),0.567
UCL,UCL422015,422015,Clayton Bay (L),2.9928
UCL,UCL422016,422016,Cobdogla (L),0.5115
UCL,UCL422017,422017,Coobowie (L),0.7448
UCL,UCL422018,422018,Coonalpyn (L),1.4462
UCL,UCL422019,422019,Edithburgh (L),3.8175
UCL,UCL422020,422020,Elliston (L),5.2971
UCL,UCL422021,422021,Hawker (L),12.971
UCL,UCL422022,422022,Indulkana (L),10.187
UCL,UCL422023,422023,Kalangadoo (L),1.1789
UCL,UCL422024,422024,Kaltjiti (Fregon) (L),24.1815
UCL,UCL422025,422025,Karoonda (L),1.8631
UCL,UCL422026,422026,Kersbrook (L),0.7836
UCL,UCL422027,422027,Leigh Creek (L),12.0316
UCL,UCL422028,422028,Lucindale (L),1.5709
UCL,UCL422029,422029,Mimili (L),12.7739
UCL,UCL422030,422030,Morgan (L),1.4254
UCL,UCL422031,422031,Mount Burr (L),0.4869
UCL,UCL422032,422032,Mount Torrens (L),0.4266
UCL,UCL422033,422033,Mullaquana (L),8.7702
UCL,UCL422034,422034,Mundulla (L),6.1306
UCL,UCL422035,422035,Myponga (L),0.5196
UCL,UCL422036,422036,Nangwarry (L),0.8212
UCL,UCL422037,422037,Napperby (L),0.5607
UCL,UCL422038,422038,Owen (L),1.1107
UCL,UCL422039,422039,Parham (L),2.3788
UCL,UCL422040,422040,Penneshaw (L),5.1045
UCL,UCL422041,422041,Point Turton (L),0.9928
UCL,UCL422042,422042,Port Germein (L),2.7307
UCL,UCL422043,422043,Port Neill (L),1.3718
UCL,UCL422044,422044,Port Victoria (L),1.8514
UCL,UCL422045,422045,Port Vincent (L),1.5508
UCL,UCL422046,422046,Saddleworth (L),1.181
UCL,UCL422047,422047,Smoky Bay (L),0.9555
UCL,UCL422048,422048,Snowtown (L),1.8749
UCL,UCL422049,422049,Southend (L),1.6618
UCL,UCL422050,422050,Spalding (L),0.6647
UCL,UCL422051,422051,Springton (L),0.5114
UCL,UCL422052,422052,Stansbury (L),1.9456
UCL,UCL422053,422053,Swan Reach (L),2.834
UCL,UCL422054,422054,Tantanoola (L),1.0064
UCL,UCL422055,422055,Tarpeena (L),2.4325
UCL,UCL422056,422056,Tintinara (L),1.6862
UCL,UCL422057,422057,Truro (L),2.0074
UCL,UCL422058,422058,Warooka (L),0.8251
UCL,UCL422059,422059,Wilmington (L),11.1378
UCL,UCL422060,422060,Wirrabara (L),3.7449
UCL,UCL422061,422061,Woomera (L),46.8439
UCL,UCL422062,422062,Yahl (L),1.2031
UCL,UCL422063,422063,Yalata (L),19.6269
UCL,UCL431001,431001,Remainder of State/Territory (SA),982164.8884
UCL,UCL479997,479997,Migratory - Offshore - Shipping (SA),0
UCL,UCL499994,499994,No usual address (SA),0
UCL,UCL501001,501001,Perth (WA),1720.3492
UCL,UCL511001,511001,Bunbury,117.4
UCL,UCL512001,512001,Albany,88.4708
UCL,UCL512002,512002,Busselton,50.0409
UCL,UCL512003,512003,Geraldton,64.5403
UCL,UCL512004,512004,Kalgoorlie - Boulder,62.458
UCL,UCL513001,513001,Broome,50.0425
UCL,UCL513002,513002,Esperance,30.0675
UCL,UCL513003,513003,Karratha,118.8601
UCL,UCL513004,513004,Port Hedland,108.8326
UCL,UCL513005,513005,Yanchep,13.7668
UCL,UCL514001,514001,Collie,19.3391
UCL,UCL514002,514002,Dunsborough,17.835
UCL,UCL514003,514003,Margaret River,9.9123
UCL,UCL514004,514004,Northam,26.7836
UCL,UCL515001,515001,Augusta,9.7432
UCL,UCL515002,515002,Binningup,4.1488
UCL,UCL515003,515003,Bridgetown,12.7149
UCL,UCL515004,515004,Bullsbrook,10.6174
UCL,UCL515005,515005,Capel,4.7239
UCL,UCL515006,515006,Carnarvon,15.7882
UCL,UCL515007,515007,Cowaramup,3.9232
UCL,UCL515008,515008,Dampier,3.5535
UCL,UCL515009,515009,Denmark,12.4278
UCL,UCL515010,515010,Derby,22.3537
UCL,UCL515011,515011,Donnybrook (WA),5.8926
UCL,UCL515012,515012,Drummond Cove,1.8117
UCL,UCL515013,515013,Exmouth,12.3032
UCL,UCL515014,515014,Fitzroy Crossing,12.9429
UCL,UCL515015,515015,Harvey,6.2086
UCL,UCL515016,515016,Jurien Bay,9.6977
UCL,UCL515017,515017,Kalbarri,4.063
UCL,UCL515018,515018,Kambalda West,4.3165
UCL,UCL515019,515019,Katanning,15.8883
UCL,UCL515020,515020,Kununurra,6.861
UCL,UCL515021,515021,Little Grove,7.0593
UCL,UCL515022,515022,Manjimup,16.1522
UCL,UCL515023,515023,Merredin,13.2632
UCL,UCL515024,515024,Moora,9.7101
UCL,UCL515025,515025,Mount Barker (WA),6.7988
UCL,UCL515026,515026,Mundijong,8.3652
UCL,UCL515027,515027,Narrogin,9.493
UCL,UCL515028,515028,Newman,13.437
UCL,UCL515029,515029,Paraburdoo,3.2897
UCL,UCL515030,515030,Pinjarra,13.9426
UCL,UCL515031,515031,Port Denison - Dongara,12.0089
UCL,UCL515032,515032,Serpentine,7.6214
UCL,UCL515033,515033,Tom Price,4.0637
UCL,UCL515034,515034,Two Rocks,4.3761
UCL,UCL515035,515035,Wagin,9.9953
UCL,UCL515036,515036,Waroona,4.6771
UCL,UCL515037,515037,Wickham,2.6501
UCL,UCL515038,515038,York,17.4141
UCL,UCL521001,521001,Allanson (L),2.3629
UCL,UCL521002,521002,Bakers Hill (L),12.7966
UCL,UCL521003,521003,Beverley (L),6.8146
UCL,UCL521004,521004,Bidyadanga (La Grange) (L),21.5363
UCL,UCL521005,521005,Boddington - Ranford (L),4.7692
UCL,UCL521006,521006,Boyanup (L),3.3703
UCL,UCL521007,521007,Boyup Brook (L),2.6316
UCL,UCL521008,521008,Brookton (L),3.6598
UCL,UCL521009,521009,Bruce Rock (L),2.3968
UCL,UCL521010,521010,Brunswick (L),1.8521
UCL,UCL521011,521011,Burekup (L),0.8823
UCL,UCL521012,521012,Cape Burney (L),18.8666
UCL,UCL521013,521013,Chidlow (L),2.4614
UCL,UCL521014,521014,Coolgardie (L),6.6901
UCL,UCL521015,521015,Corrigin (L),4.569
UCL,UCL521016,521016,Cunderdin (L),3.7026
UCL,UCL521017,521017,Dalwallinu (L),4.0529
UCL,UCL521018,521018,Dardanup (L),1.0077
UCL,UCL521019,521019,Denham (L),1.6937
UCL,UCL521020,521020,Gabbadah (L),65.3491
UCL,UCL521021,521021,Gingin (L),9.4781
UCL,UCL521022,521022,Gnarabup - Prevelly (L),4.5753
UCL,UCL521023,521023,Gnowangerup (L),3.7885
UCL,UCL521024,521024,Halls Creek (L),45.1727
UCL,UCL521025,521025,Hopetoun (L) (WA),4.0478
UCL,UCL521026,521026,Jarrahdale (L),3.0072
UCL,UCL521027,521027,Kambalda East (L),25.717
UCL,UCL521028,521028,Kellerberrin (L),5.2697
UCL,UCL521029,521029,Kojonup (L),6.5046
UCL,UCL521030,521030,Lancelin (L),2.1818
UCL,UCL521031,521031,Leonora (L),3.9076
UCL,UCL521032,521032,Meekatharra (L),1.6174
UCL,UCL521033,521033,Mount Magnet (L),2.8098
UCL,UCL521034,521034,Muchea (L),5.7128
UCL,UCL521035,521035,Nannup (L),2.1325
UCL,UCL521036,521036,Norseman (L),6.069
UCL,UCL521037,521037,North Pinjarra (L),1.0064
UCL,UCL521038,521038,Northampton (L),6.7535
UCL,UCL521039,521039,Ocean Beach (L),2.3995
UCL,UCL521040,521040,Onslow (L),14.3362
UCL,UCL521041,521041,Pannawonica (L),27.6085
UCL,UCL521042,521042,Pemberton (L),3.128
UCL,UCL521043,521043,Peppermint Grove Beach (L),1.0976
UCL,UCL521044,521044,Pingelly (L),11.4302
UCL,UCL521045,521045,Quairading (L),2.4964
UCL,UCL521046,521046,Roebourne (L),4.946
UCL,UCL521047,521047,Southern Cross (L),1.9618
UCL,UCL521048,521048,Toodyay (L),3.5888
UCL,UCL521049,521049,Warburton (L) (WA),21.5057
UCL,UCL521050,521050,Wongan Hills (L),4.1672
UCL,UCL521051,521051,Wundowie (L),4.5508
UCL,UCL521052,521052,Wyndham (L),2.2361
UCL,UCL522001,522001,Balgo (L),10.0087
UCL,UCL522002,522002,Balingup (L),2.0994
UCL,UCL522003,522003,Bardi (One Arm Point) (L),6.0338
UCL,UCL522004,522004,Bayulu (L),7.3561
UCL,UCL522005,522005,Beagle Bay (L),11.4045
UCL,UCL522006,522006,Bickley (L),1.2823
UCL,UCL522007,522007,Bremer Bay (L),1.7403
UCL,UCL522008,522008,Broomehill Village (L),8.5923
UCL,UCL522009,522009,Bullsbrook - West (L),0.4624
UCL,UCL522010,522010,Carmel (L),0.9748
UCL,UCL522011,522011,Carnamah (L),3.1488
UCL,UCL522012,522012,Cervantes (L),9.7872
UCL,UCL522013,522013,Cookernup (L),4.1123
UCL,UCL522014,522014,Coolup (L),2.4795
UCL,UCL522015,522015,Coral Bay (L),1.935
UCL,UCL522016,522016,Cranbrook (L),5.7677
UCL,UCL522017,522017,Cuballing (L),4.5114
UCL,UCL522018,522018,Cue (L),2.5377
UCL,UCL522019,522019,Darkan (L),1.7807
UCL,UCL522020,522020,Djarindjin - Lombadina (L),8.1947
UCL,UCL522021,522021,Dowerin (L),1.9583
UCL,UCL522022,522022,Dumbleyung (L),1.7146
UCL,UCL522023,522023,Dwellingup (L),1.7374
UCL,UCL522024,522024,Goode Beach (L),1.1654
UCL,UCL522025,522025,Goomalling (L),3.7858
UCL,UCL522026,522026,Green Head (L),6.418
UCL,UCL522027,522027,Greenbushes (L),0.7093
UCL,UCL522028,522028,Guilderton (L),1.9989
UCL,UCL522029,522029,Herne Hill (L),0.3498
UCL,UCL522030,522030,Jerramungup (L),4.0427
UCL,UCL522031,522031,Jigalong (L),14.424
UCL,UCL522032,522032,Kalumburu (L),4.0475
UCL,UCL522033,522033,Kendenup (L),3.3463
UCL,UCL522034,522034,Kiwirrkurra (L),29.5341
UCL,UCL522035,522035,Kondinin (L),1.9079
UCL,UCL522036,522036,Koorda (L),7.2232
UCL,UCL522037,522037,Kulin (L),2.7684
UCL,UCL522038,522038,Lake Grace (L),1.887
UCL,UCL522039,522039,Laverton (L),11.6931
UCL,UCL522040,522040,Ledge Point (L),1.0592
UCL,UCL522041,522041,Leeman (L),7.9371
UCL,UCL522042,522042,Leinster (L),1.9695
UCL,UCL522043,522043,Looma (L),40.4419
UCL,UCL522044,522044,Marble Bar (L),2.274
UCL,UCL522045,522045,Mindibungu (L),11.66
UCL,UCL522046,522046,Mingenew (L),2.5829
UCL,UCL522047,522047,Morawa (L),4.2513
UCL,UCL522048,522048,Mukinbudin (L),2.1453
UCL,UCL522049,522049,Mullewa (L),2.9109
UCL,UCL522050,522050,Narembeen (L),1.2094
UCL,UCL522051,522051,North Dandalup (L),1.732
UCL,UCL522052,522052,Nullagine (L),0.5776
UCL,UCL522053,522053,Papulankutja (L),4.3599
UCL,UCL522054,522054,Perenjori (L),3.8268
UCL,UCL522055,522055,Point Samson (L),0.6919
UCL,UCL522056,522056,Ravensthorpe (L),3.0225
UCL,UCL522057,522057,Rottnest Island (L),19.2239
UCL,UCL522058,522058,Tambellup (L),5.4124
UCL,UCL522059,522059,Three Springs (L),1.0683
UCL,UCL522060,522060,Tjuntjuntjara (L),3.5415
UCL,UCL522061,522061,Walpole (L),4.5256
UCL,UCL522062,522062,Wangkatjungka (L),3.1146
UCL,UCL522063,522063,Warakurna (L),2.0367
UCL,UCL522064,522064,Warmun (L),20.2624
UCL,UCL522065,522065,Wickepin (L),1.3317
UCL,UCL522066,522066,Williams (L),1.6876
UCL,UCL522067,522067,Wiluna (L),4.2211
UCL,UCL522068,522068,Wooroloo (L),7.1276
UCL,UCL522069,522069,Wyalkatchem (L),1.9944
UCL,UCL522070,522070,Yarloop (L),3.2976
UCL,UCL522071,522071,Yungngora (L),3.7561
UCL,UCL531001,531001,Remainder of State/Territory (WA),2523002.6408
UCL,UCL579997,579997,Migratory - Offshore - Shipping (WA),0
UCL,UCL599994,599994,No usual address (WA),0
UCL,UCL603001,603001,Hobart,237.263
UCL,UCL611001,611001,Launceston,95.1084
UCL,UCL612001,612001,Burnie - Somerset,31.3407
UCL,UCL612002,612002,Devonport,32.1367
UCL,UCL613001,613001,Ulverstone,17.0585
UCL,UCL614001,614001,Dodges Ferry - Lewisham,12.9489
UCL,UCL614002,614002,New Norfolk,10.6963
UCL,UCL614003,614003,Wynyard,13.7551
UCL,UCL615001,615001,Beaconsfield,3.4244
UCL,UCL615002,615002,Beauty Point,2.6981
UCL,UCL615003,615003,Bridport,4.0531
UCL,UCL615004,615004,Cygnet,2.3141
UCL,UCL615005,615005,Deloraine,4.7395
UCL,UCL615006,615006,Evandale,2.4143
UCL,UCL615007,615007,Exeter (Tas.),7.7513
UCL,UCL615008,615008,George Town,6.8297
UCL,UCL615009,615009,Hadspen,2.267
UCL,UCL615010,615010,Huonville,5.8075
UCL,UCL615011,615011,Latrobe,6.3474
UCL,UCL615012,615012,Legana,14.164
UCL,UCL615013,615013,Longford,6.3096
UCL,UCL615014,615014,Margate,2.9859
UCL,UCL615015,615015,Midway Point,2.1245
UCL,UCL615016,615016,Penguin,4.6726
UCL,UCL615017,615017,Perth (Tas.),2.9205
UCL,UCL615018,615018,Port Sorell,9.6083
UCL,UCL615019,615019,Primrose Sands,7.6896
UCL,UCL615020,615020,Queenstown,3.0535
UCL,UCL615021,615021,Scottsdale,3.0266
UCL,UCL615022,615022,Sheffield,3.5662
UCL,UCL615023,615023,Smithton,9.0729
UCL,UCL615024,615024,Snug,2.5554
UCL,UCL615025,615025,Sorell,4.9075
UCL,UCL615026,615026,St Helens,4.6295
UCL,UCL615027,615027,Westbury,5.4904
UCL,UCL621001,621001,Bagdad (L),0.7504
UCL,UCL621002,621002,Bicheno (L),3.0507
UCL,UCL621003,621003,Campania (L),0.9621
UCL,UCL621004,621004,Campbell Town (L),6.0845
UCL,UCL621005,621005,Carrick (L),1.392
UCL,UCL621006,621006,Clifton Beach (L),7.356
UCL,UCL621007,621007,Cremorne (L),0.4523
UCL,UCL621008,621008,Cressy (L),1.2147
UCL,UCL621009,621009,Currie (L),4.1444
UCL,UCL621010,621010,Dover (L),4.0399
UCL,UCL621011,621011,Electrona (L),3.5581
UCL,UCL621012,621012,Fern Tree (L),7.8544
UCL,UCL621013,621013,Geeveston (L),3.0818
UCL,UCL621014,621014,Gravelly Beach (L),5.9926
UCL,UCL621015,621015,Grindelwald (L),5.9171
UCL,UCL621016,621016,Howden (L),3.9684
UCL,UCL621017,621017,Low Head (L),1.4237
UCL,UCL621018,621018,Oatlands (L),1.5575
UCL,UCL621019,621019,Orford (L),4.5037
UCL,UCL621020,621020,Railton (L),4.0112
UCL,UCL621021,621021,Ranelagh (L),2.0431
UCL,UCL621022,621022,Richmond (L) (Tas.),1.0963
UCL,UCL621023,621023,Rosebery (L),5.6113
UCL,UCL621024,621024,Scamander (L),2.4362
UCL,UCL621025,621025,South Arm (L),0.8519
UCL,UCL621026,621026,Stanley (L),1.8874
UCL,UCL621027,621027,Stieglitz (L),2.7219
UCL,UCL621028,621028,Strahan (L),4.5218
UCL,UCL621029,621029,Sulphur Creek (L),0.6194
UCL,UCL621030,621030,Swansea (L),1.8666
UCL,UCL621031,621031,Triabunna (L),2.5193
UCL,UCL621032,621032,Zeehan (L),2.508
UCL,UCL622001,622001,Binalong Bay (L),1.0139
UCL,UCL622002,622002,Bothwell (L),9.197
UCL,UCL622003,622003,Bracknell (L),1.4187
UCL,UCL622004,622004,Collinsvale (L),2.0674
UCL,UCL622005,622005,Dilston (L),3.1644
UCL,UCL622006,622006,Dunalley (L),2.5749
UCL,UCL622007,622007,Eaglehawk Neck (L),10.079
UCL,UCL622008,622008,Fingal (L),4.5698
UCL,UCL622009,622009,Forth (L),1.3587
UCL,UCL622010,622010,Franklin (L),0.7021
UCL,UCL622011,622011,Gawler (L) (Tas.),5.1238
UCL,UCL622012,622012,Heybridge (L),0.9666
UCL,UCL622013,622013,Hillwood (L),6.5672
UCL,UCL622014,622014,Kempton (L),1.0182
UCL,UCL622015,622015,Kettering (L),1.9876
UCL,UCL622016,622016,Lilydale (L),1.36
UCL,UCL622017,622017,Mole Creek (L),1.0157
UCL,UCL622018,622018,Nubeena (L),1.7788
UCL,UCL622019,622019,Opossum Bay (L),4.6425
UCL,UCL622020,622020,Ridgley (L),0.9043
UCL,UCL622021,622021,Ross (L),2.5753
UCL,UCL622022,622022,Sisters Beach (L),2.6002
UCL,UCL622023,622023,St Marys (L),2.371
UCL,UCL622024,622024,Swan Point (L),1.7482
UCL,UCL622025,622025,Tullah (L),0.9947
UCL,UCL622026,622026,Waratah (L),3.8133
UCL,UCL622027,622027,White Beach (L),4.3215
UCL,UCL631001,631001,Remainder of State/Territory (Tas.),67251.8748
UCL,UCL679997,679997,Migratory - Offshore - Shipping (Tas.),0
UCL,UCL699994,699994,No usual address (Tas.),0
UCL,UCL703001,703001,Darwin,240.3244
UCL,UCL712001,712001,Alice Springs,85.5555
UCL,UCL714001,714001,Katherine,17.2758
UCL,UCL715001,715001,Galiwinku,4.8496
UCL,UCL715002,715002,Gunbalanya (Oenpelli),35.8199
UCL,UCL715003,715003,Maningrida,11.0551
UCL,UCL715004,715004,Milingimbi,4.4443
UCL,UCL715005,715005,Ngukurr,12.0357
UCL,UCL715006,715006,Nhulunbuy,7.647
UCL,UCL715007,715007,Tennant Creek,8.5586
UCL,UCL715008,715008,Wadeye,20.8379
UCL,UCL715009,715009,Wurrumiyanga (Nguiu),10.0684
UCL,UCL721001,721001,Alyangula (L),2.1487
UCL,UCL721002,721002,Angurugu (L),1.5128
UCL,UCL721003,721003,Borroloola (L),12.5634
UCL,UCL721004,721004,Daguragu - Kalkarindji (L),50.4071
UCL,UCL721005,721005,Gapuwiyak (L),11.9273
UCL,UCL721006,721006,Hermannsburg (L),13.3095
UCL,UCL721007,721007,Howard Springs (L),3.1229
UCL,UCL721008,721008,Humpty Doo (L),7.8906
UCL,UCL721009,721009,Jabiru (L),13.5083
UCL,UCL721010,721010,Lajamanu (L),6.7088
UCL,UCL721011,721011,Minyerri (L),2.9072
UCL,UCL721012,721012,Numbulwar (L),5.2003
UCL,UCL721013,721013,Ramingining (L),28.2201
UCL,UCL721014,721014,Santa Teresa (Ltyentye Purte) (L),13.2761
UCL,UCL721015,721015,Wugular (Beswick) (L),2.744
UCL,UCL721016,721016,Yirrkala (L),8.4278
UCL,UCL721017,721017,Yuendumu (L),10.3293
UCL,UCL721018,721018,Yulara (L),103.1173
UCL,UCL722001,722001,Adelaide River (L),8.5802
UCL,UCL722002,722002,Ali Curung (L),443.1496
UCL,UCL722003,722003,Alpurrurulam (L),9.9926
UCL,UCL722004,722004,Amoonguna (L),5.5884
UCL,UCL722005,722005,Ampilatwatja (L),28.2769
UCL,UCL722006,722006,Apatula (Finke) (L),28.7808
UCL,UCL722007,722007,Areyonga (L),6.9813
UCL,UCL722008,722008,Atitjere (L),7.0143
UCL,UCL722009,722009,Barunga (L),7.4509
UCL,UCL722010,722010,Batchelor (L),10.2782
UCL,UCL722011,722011,Binjari (L),2.8065
UCL,UCL722012,722012,Bulman - Weemol (L),13.8936
UCL,UCL722013,722013,Canteen Creek (L),1.1999
UCL,UCL722014,722014,Elliott (L),2.996
UCL,UCL722015,722015,Gunyangara (L),2.8863
UCL,UCL722016,722016,Ilparpa (L),3.2912
UCL,UCL722017,722017,Jilkminggan (L),6.0984
UCL,UCL722018,722018,Kaltukatjara (Docker River) (L),36.8818
UCL,UCL722019,722019,Laramba (L),5.0806
UCL,UCL722020,722020,Mataranka (L),35.6541
UCL,UCL722021,722021,Milikapiti (L),11.4786
UCL,UCL722022,722022,Minjilang (L),11.4327
UCL,UCL722023,722023,Mutitjulu (L),2.5165
UCL,UCL722024,722024,Nauiyu Nambiyu (Daly River) (L),4.2949
UCL,UCL722025,722025,Nganmarriyanga (Palumpa) (L),46.3918
UCL,UCL722026,722026,Nyirripi (L),8.2144
UCL,UCL722027,722027,Papunya (L),4.739
UCL,UCL722028,722028,Pine Creek (L),402.0523
UCL,UCL722029,722029,Pirlangimpi (L),11.8509
UCL,UCL722030,722030,Robinson River (Mungoorbada) (L),1.1406
UCL,UCL722031,722031,Timber Creek (L),159.6701
UCL,UCL722032,722032,Titjikala (L),3.8542
UCL,UCL722033,722033,Umbakumba (L),6.871
UCL,UCL722034,722034,Wagait Beach - Mandorah (L),4.9118
UCL,UCL722035,722035,Walungurru (Kintore) (L),8.2003
UCL,UCL722036,722036,Warruwi (L),15.8586
UCL,UCL722037,722037,Willowra (L),13.7451
UCL,UCL722038,722038,Wutunugurra (L),0.9976
UCL,UCL722039,722039,Yarralin (L),150.6986
UCL,UCL722040,722040,Yuelamu (L),26.6195
UCL,UCL731001,731001,Remainder of State/Territory (NT),1345816.2793
UCL,UCL779997,779997,Migratory - Offshore - Shipping (NT),0
UCL,UCL799994,799994,No usual address (NT),0
UCL,UCL802001,802001,Canberra - Queanbeyan (Canberra Part),392.9671
UCL,UCL822001,822001,Hall (L),1.7392
UCL,UCL822002,822002,Uriarra Village (L),0.918
UCL,UCL831001,831001,Remainder of State/Territory (ACT),1962.5087
UCL,UCL879997,879997,Migratory - Offshore - Shipping (ACT),0
UCL,UCL899994,899994,No usual address (ACT),0
UCL,UCL915001,915001,Flying Fish Cove,7.8663
UCL,UCL921001,921001,Norfolk Island (L),20.7209
UCL,UCL922001,922001,Home Island (L),0.9032
UCL,UCL922002,922002,Jervis Bay (L),5.7341
UCL,UCL922003,922003,West Island (L),5.9276
UCL,UCL931001,931001,Remainder of State/Territory (OT),214.5899
UCL,UCL979997,979997,Migratory - Offshore - Shipping (OT),0
UCL,UCL999994,999994,No usual address (OT),0